ablation_type,function,dimensions,run_id,final_fitness,total_evaluations,improvement_ratio,local_search_calls,plateau_escapes,basin_searches,final_exploration_scale,final_exploitation_scale,runtime_seconds
baseline,Sphere,10,1,2.4999999999999997e-16,3794,4.396335242563494e+19,1,0,0,0.17,0.005,2.046234607696533
baseline,Sphere,10,2,2.4999999999999977e-16,3413,2.988869804529802e+19,1,0,0,0.17,0.005,2.2588083744049072
baseline,Sphere,10,3,2.5e-16,3520,5.305751291979189e+19,1,0,0,0.17,0.005,2.1225433349609375
baseline,Sphere,10,4,2.4093795146485894e-16,4841,4.959945154283843e+19,3,0,0,0.17,0.005,2.5121114253997803
baseline,Sphere,10,5,1.9632609248219478e-16,6912,4.672323191022419e+19,3,0,0,0.17,0.005,3.063154458999634
baseline,Sphere,10,6,2.467006693498231e-16,6365,4.538873348336504e+19,3,0,0,0.17,0.005,2.8868987560272217
baseline,Sphere,10,7,2.5000001199420863e-16,4765,4.694065768849518e+19,1,0,0,0.17,0.005,2.1521449089050293
baseline,Sphere,10,8,0.00046577599154561393,4960,30501137.597613774,0,0,0,0.17,0.005,1.462228536605835
baseline,Sphere,10,9,2.471182499081417e-16,4418,3.0352400894811656e+19,3,0,0,0.17,0.005,1.8345749378204346
baseline,Sphere,10,10,2.4401123730169937e-16,4398,3.991164597417226e+19,3,0,0,0.17,0.005,1.8750815391540527
no_local_search,Sphere,10,1,5.325932323667152e-06,3858,2063645844.2342787,0,0,0,0.0234,0.009330000000000001,4.451274156570435
no_local_search,Sphere,10,2,5.71006391776728e-06,3475,1308597350.0356596,0,0,0,0.06620000000000001,0.00719,4.330050230026245
no_local_search,Sphere,10,3,1.2298420641474273e-06,3281,10785432224.700605,0,0,0,0.032400000000000005,0.00888,4.471998453140259
no_local_search,Sphere,10,4,8.670167459349343e-05,2530,137833442.139869,0,0,0,0.17,0.005,2.586038589477539
no_local_search,Sphere,10,5,2.4624783805659436e-07,5034,37251046025.28738,0,0,0,0.031000000000000003,0.00895,4.566130638122559
no_local_search,Sphere,10,6,8.176327043564394e-07,4424,13694940126.080704,0,0,0,0.0394,0.00853,4.636721849441528
no_local_search,Sphere,10,7,1.6041672181837072e-06,5028,7315425008.14023,0,0,0,0.1012,0.00544,4.526127099990845
no_local_search,Sphere,10,8,0.00046577599154561393,2144,30501137.597613774,0,0,0,0.17,0.005,1.4354333877563477
no_local_search,Sphere,10,9,1.0803311573420386e-05,3100,694290092.3167053,0,0,0,0.0488,0.008060000000000001,4.335188865661621
no_local_search,Sphere,10,10,0.0003573098629959809,2133,27256146.906346966,0,0,0,0.17,0.005,1.5016980171203613
no_surrogate,Sphere,10,1,2.2845789018281305e-16,73297,4.810881382828938e+19,3,0,0,0.17,0.005,1.070141077041626
no_surrogate,Sphere,10,2,2.4837753412058413e-16,78785,3.0083938701544776e+19,3,0,0,0.17,0.005,1.2050752639770508
no_surrogate,Sphere,10,3,2.235940789201933e-16,78794,5.932347714217595e+19,3,0,0,0.17,0.005,1.1379141807556152
no_surrogate,Sphere,10,4,2.4991301084349076e-16,67564,4.781819965346269e+19,2,0,0,0.17,0.005,0.9733026027679443
no_surrogate,Sphere,10,5,2.5000000054549324e-16,65433,3.6691958116233974e+19,1,0,0,0.17,0.005,0.9679646492004395
no_surrogate,Sphere,10,6,2.3453735184698917e-16,78877,4.7742633926352265e+19,3,0,0,0.17,0.005,1.1450014114379883
no_surrogate,Sphere,10,7,2.1531176977688974e-16,84328,5.4503128172231565e+19,3,0,0,0.17,0.005,1.1789186000823975
no_surrogate,Sphere,10,8,2.26158870542593e-16,73322,6.281733532588624e+19,3,0,0,0.17,0.005,1.1238653659820557
no_surrogate,Sphere,10,9,2.420968755496177e-16,73265,3.0981945440675123e+19,3,0,0,0.17,0.005,1.0475025177001953
no_surrogate,Sphere,10,10,2.449606507380799e-16,73265,3.975695724011735e+19,3,0,0,0.17,0.005,1.0647385120391846
no_escape_mechanisms,Sphere,10,1,2.4999999999999997e-16,4218,4.396335242563494e+19,1,0,0,0.17,0.005,2.026714324951172
no_escape_mechanisms,Sphere,10,2,2.494897800116747e-16,4789,2.9949822036697633e+19,2,0,0,0.17,0.005,2.6837971210479736
no_escape_mechanisms,Sphere,10,3,2.5e-16,2450,5.305751291979189e+19,1,0,0,0.17,0.005,2.1489436626434326
no_escape_mechanisms,Sphere,10,4,2.4093795146485894e-16,4027,4.959945154283843e+19,3,0,0,0.17,0.005,2.401209592819214
no_escape_mechanisms,Sphere,10,5,2.389945007961095e-16,7206,3.838159254090683e+19,3,0,0,0.17,0.005,2.758070468902588
no_escape_mechanisms,Sphere,10,6,2.467006693498231e-16,5648,4.538873348336504e+19,3,0,0,0.17,0.005,2.8193962574005127
no_escape_mechanisms,Sphere,10,7,2.5000001199420863e-16,4081,4.694065768849518e+19,1,0,0,0.17,0.005,2.0919837951660156
no_escape_mechanisms,Sphere,10,8,0.00046577599154561393,4455,30501137.597613774,0,0,0,0.17,0.005,1.377218246459961
no_escape_mechanisms,Sphere,10,9,2.471182499081417e-16,3716,3.0352400894811656e+19,3,0,0,0.17,0.005,1.8319299221038818
no_escape_mechanisms,Sphere,10,10,2.4401123730169937e-16,3697,3.991164597417226e+19,3,0,0,0.17,0.005,1.8239610195159912
no_population_decay,Sphere,10,1,2.499999985007815e-16,6905,4.396335268927762e+19,1,0,0,0.17,0.005,2.4663500785827637
no_population_decay,Sphere,10,2,2.139058615278286e-16,7713,3.493206992063838e+19,3,0,0,0.17,0.005,3.4370791912078857
no_population_decay,Sphere,10,3,2.5e-16,3451,5.305751291979189e+19,1,0,0,0.17,0.005,2.5409255027770996
no_population_decay,Sphere,10,4,0.0008530377486333982,4858,14009216.201342845,0,0,0,0.17,0.005,1.1801230907440186
no_population_decay,Sphere,10,5,2.5000001257724473e-16,5553,3.669195635035998e+19,1,0,0,0.17,0.005,2.801403522491455
no_population_decay,Sphere,10,6,2.500000000000001e-16,2284,4.478972372514751e+19,1,0,0,0.17,0.005,1.662783145904541
no_population_decay,Sphere,10,7,2.5e-16,2254,4.694065994055934e+19,1,0,0,0.17,0.005,1.2650690078735352
no_population_decay,Sphere,10,8,2.499999920905685e-16,6753,5.6826792229061526e+19,1,0,0,0.17,0.005,3.0690202713012695
no_population_decay,Sphere,10,9,2.404015668148765e-16,6322,3.120042971854715e+19,3,0,0,0.17,0.005,2.78985595703125
no_population_decay,Sphere,10,10,0.00048328863315259536,4930,20151291.482641116,0,0,0,0.17,0.005,1.424072265625
no_diversity_restart,Sphere,10,1,2.4999999999999997e-16,3794,4.396335242563494e+19,1,0,0,0.17,0.005,1.8927576541900635
no_diversity_restart,Sphere,10,2,2.4999999999999977e-16,3413,2.988869804529802e+19,1,0,0,0.17,0.005,2.2608633041381836
no_diversity_restart,Sphere,10,3,2.5e-16,3520,5.305751291979189e+19,1,0,0,0.17,0.005,2.1566481590270996
no_diversity_restart,Sphere,10,4,2.4093795146485894e-16,4841,4.959945154283843e+19,3,0,0,0.17,0.005,2.4464094638824463
no_diversity_restart,Sphere,10,5,1.9632609248219478e-16,6912,4.672323191022419e+19,3,0,0,0.17,0.005,3.0844297409057617
no_diversity_restart,Sphere,10,6,2.467006693498231e-16,6349,4.538873348336504e+19,3,0,0,0.17,0.005,2.803309440612793
no_diversity_restart,Sphere,10,7,2.5000001199420863e-16,4765,4.694065768849518e+19,1,0,0,0.17,0.005,2.1428122520446777
no_diversity_restart,Sphere,10,8,0.00046577599154561393,4960,30501137.597613774,0,0,0,0.17,0.005,1.4011895656585693
no_diversity_restart,Sphere,10,9,2.471182499081417e-16,4418,3.0352400894811656e+19,3,0,0,0.17,0.005,1.7699365615844727
no_diversity_restart,Sphere,10,10,2.4401123730169937e-16,4398,3.991164597417226e+19,3,0,0,0.17,0.005,1.7709479331970215
no_de_operator,Sphere,10,1,1.4708896227181205e-16,5384,7.47223852602773e+19,3,0,0,0.17,0.005,2.299955368041992
no_de_operator,Sphere,10,2,0.0011461838885992244,4843,6519176.011500564,0,0,0,0.17,0.005,1.2916781902313232
no_de_operator,Sphere,10,3,2.413155353046552e-16,4290,5.496694696096547e+19,3,0,0,0.17,0.005,1.673685073852539
no_de_operator,Sphere,10,4,2.499999999999999e-16,2424,4.780156099404812e+19,1,0,0,0.17,0.005,1.7460389137268066
no_de_operator,Sphere,10,5,0.0006556803788354383,5079,13990032.102784537,0,0,0,0.17,0.005,1.5742371082305908
no_de_operator,Sphere,10,6,0.0004956770828576544,5042,22590172.752655774,0,0,0,0.17,0.005,1.567958116531372
no_de_operator,Sphere,10,7,2.486608449979942e-16,5690,4.719345735849364e+19,2,0,0,0.17,0.005,2.0937092304229736
no_de_operator,Sphere,10,8,0.0005214121374517437,4989,27246580.175960284,0,0,0,0.17,0.005,1.5901730060577393
no_de_operator,Sphere,10,9,2.5e-16,2256,3.000252875854468e+19,1,0,0,0.17,0.005,1.2642590999603271
no_de_operator,Sphere,10,10,0.0007718343045453104,5001,12617850.825692916,0,0,0,0.17,0.005,1.5271472930908203
baseline,Sphere,30,1,7.47464064301401e-16,9818,6.9184895607469335e+19,2,0,0,0.17,0.005,4.814311981201172
baseline,Sphere,30,2,7.4575872607664155e-16,9295,8.453599889248969e+19,2,1,0,0.17,0.005,5.028371572494507
baseline,Sphere,30,3,7.306528874655229e-16,7903,8.406278635021181e+19,2,1,0,0.17,0.005,2.563072443008423
baseline,Sphere,30,4,7.221211153880622e-16,8535,1.037261326389945e+20,2,0,0,0.17,0.005,3.622830867767334
baseline,Sphere,30,5,7.260228536220376e-16,9972,6.751480730328373e+19,3,1,0,0.17,0.005,5.307740688323975
baseline,Sphere,30,6,7.331656052230411e-16,8290,7.114044493802708e+19,3,1,0,0.17,0.005,2.702148199081421
baseline,Sphere,30,7,7.500000000000012e-16,4296,8.735803948597499e+19,1,0,0,0.17,0.005,4.1528074741363525
baseline,Sphere,30,8,7.486858701671428e-16,9013,8.260044811329793e+19,2,0,0,0.17,0.005,4.5963709354400635
baseline,Sphere,30,9,7.329965766939821e-16,9646,7.877146309695691e+19,2,0,0,0.17,0.005,4.881386756896973
baseline,Sphere,30,10,7.457585890516271e-16,9437,8.695845138138512e+19,2,0,0,0.17,0.005,4.476442813873291
no_local_search,Sphere,30,1,0.0003847890405442737,4668,134393700.98971692,0,0,0,0.0398,0.00851,8.140336990356445
no_local_search,Sphere,30,2,0.0005183461315712355,4146,121624248.74394095,0,1,0,0.0856,0.00622,8.499629497528076
no_local_search,Sphere,30,3,0.0011789779266809255,2253,52096579.74521375,0,1,0,0.17,0.005,2.076402425765991
no_local_search,Sphere,30,4,0.00033962711326145073,4005,220544319.55348426,0,0,0,0.036000000000000004,0.0087,7.907926797866821
no_local_search,Sphere,30,5,0.00016944423968359246,4705,289282734.84895843,0,1,0,0.0188,0.009559999999999999,8.450698852539062
no_local_search,Sphere,30,6,0.0009507489642465939,2264,54859620.499462366,0,1,0,0.17,0.005,2.1521129608154297
no_local_search,Sphere,30,7,0.00020329355447793,5008,322285326.66830903,0,0,0,0.030600000000000002,0.00897,9.500130653381348
no_local_search,Sphere,30,8,0.00040298577838152977,4120,153458984.63283044,0,0,0,0.023200000000000002,0.00934,9.095456838607788
no_local_search,Sphere,30,9,0.0004900950273115036,4438,117812280.42239816,0,0,0,0.0166,0.00967,9.410326719284058
no_local_search,Sphere,30,10,0.0005678119046944988,4255,114210377.54252033,0,0,0,0.041600000000000005,0.00842,8.777934551239014
no_surrogate,Sphere,30,1,7.500000000000007e-16,66847,6.895096434536949e+19,1,0,0,0.17,0.005,1.1257154941558838
no_surrogate,Sphere,30,2,7.50000000000001e-16,73276,8.40579451222392e+19,1,0,0,0.17,0.005,1.373420000076294
no_surrogate,Sphere,30,3,7.500000000000014e-16,71344,8.189429010023932e+19,1,0,0,0.17,0.005,1.0543828010559082
no_surrogate,Sphere,30,4,7.229496467053484e-16,71108,1.0360725804004554e+20,2,0,0,0.17,0.005,1.109464168548584
no_surrogate,Sphere,30,5,7.412129168349197e-16,102212,6.613119111493978e+19,3,0,0,0.17,0.005,1.6365647315979004
no_surrogate,Sphere,30,6,7.500000000000004e-16,60282,6.954363649176671e+19,1,0,0,0.17,0.005,0.9226260185241699
no_surrogate,Sphere,30,7,7.479192777048077e-16,71011,8.760107082082796e+19,2,0,0,0.17,0.005,1.0950651168823242
no_surrogate,Sphere,30,8,7.499999999999998e-16,77870,8.245571782920054e+19,1,0,0,0.17,0.005,1.2283704280853271
no_surrogate,Sphere,30,9,7.499999999970781e-16,66749,7.698561705529426e+19,1,0,0,0.17,0.005,1.1598501205444336
no_surrogate,Sphere,30,10,6.610236699389291e-16,83489,9.81054309511907e+19,3,0,0,0.17,0.005,1.4907176494598389
no_escape_mechanisms,Sphere,30,1,7.47464064301401e-16,8712,6.9184895607469335e+19,2,0,0,0.17,0.005,5.253350257873535
no_escape_mechanisms,Sphere,30,2,7.500000000000003e-16,3450,8.405794512223928e+19,1,0,0,0.17,0.005,4.334933757781982
no_escape_mechanisms,Sphere,30,3,0.004311728326787455,9619,14245034.222956812,0,0,0,0.17,0.005,1.9242522716522217
no_escape_mechanisms,Sphere,30,4,7.221211153880622e-16,8057,1.037261326389945e+20,2,0,0,0.17,0.005,3.9443483352661133
no_escape_mechanisms,Sphere,30,5,7.393107941964884e-16,10067,6.630133557477127e+19,2,0,0,0.17,0.005,5.1864964962005615
no_escape_mechanisms,Sphere,30,6,7.500000000000004e-16,2094,6.954363649176671e+19,1,0,0,0.17,0.005,2.2084484100341797
no_escape_mechanisms,Sphere,30,7,7.500000000000012e-16,4076,8.735803948597499e+19,1,0,0,0.17,0.005,4.377259969711304
no_escape_mechanisms,Sphere,30,8,7.486858701671428e-16,9065,8.260044811329793e+19,2,0,0,0.17,0.005,4.917569160461426
no_escape_mechanisms,Sphere,30,9,7.272239791728867e-16,14357,7.939673944321232e+19,3,0,0,0.17,0.005,7.745226621627808
no_escape_mechanisms,Sphere,30,10,7.457585890516271e-16,9121,8.695845138138512e+19,2,0,0,0.17,0.005,5.001063346862793
no_population_decay,Sphere,30,1,7.440170083514255e-16,7829,6.950543156750147e+19,2,1,0,0.17,0.005,1.9156403541564941
no_population_decay,Sphere,30,2,7.499999999872855e-16,6232,8.405794512366433e+19,1,0,0,0.17,0.005,5.28622031211853
no_population_decay,Sphere,30,3,7.499999999999997e-16,2626,8.18942901002395e+19,1,1,0,0.17,0.005,1.696528673171997
no_population_decay,Sphere,30,4,0.0015452221761508105,10133,48473825.80461389,0,1,0,0.17,0.005,2.4421088695526123
no_population_decay,Sphere,30,5,7.499999955101812e-16,12725,6.5356391138013856e+19,2,0,0,0.17,0.005,6.990680456161499
no_population_decay,Sphere,30,6,7.422744994772443e-16,12169,7.0267437997072196e+19,2,0,0,0.17,0.005,5.524871110916138
no_population_decay,Sphere,30,7,7.499999939801157e-16,5913,8.735804018715551e+19,1,1,0,0.17,0.005,1.7633490562438965
no_population_decay,Sphere,30,8,7.259967009641349e-16,11756,8.518191376045308e+19,2,0,0,0.17,0.005,5.534722328186035
no_population_decay,Sphere,30,9,7.442333139873293e-16,7836,7.758213950662894e+19,2,1,0,0.17,0.005,2.0342977046966553
no_population_decay,Sphere,30,10,6.728570248329406e-16,12975,9.638007721536009e+19,3,0,0,0.17,0.005,6.60081672668457
no_diversity_restart,Sphere,30,1,7.47464064301401e-16,9818,6.9184895607469335e+19,2,0,0,0.17,0.005,4.797713041305542
no_diversity_restart,Sphere,30,2,7.4575872607664155e-16,9295,8.453599889248969e+19,2,1,0,0.17,0.005,5.074580907821655
no_diversity_restart,Sphere,30,3,7.306528874655229e-16,7903,8.406278635021181e+19,2,1,0,0.17,0.005,2.516191244125366
no_diversity_restart,Sphere,30,4,7.221211153880622e-16,8535,1.037261326389945e+20,2,0,0,0.17,0.005,3.6134517192840576
no_diversity_restart,Sphere,30,5,7.260228536220376e-16,9972,6.751480730328373e+19,3,1,0,0.17,0.005,5.284374237060547
no_diversity_restart,Sphere,30,6,7.331656052230411e-16,8290,7.114044493802708e+19,3,1,0,0.17,0.005,2.7503442764282227
no_diversity_restart,Sphere,30,7,7.500000000000012e-16,4296,8.735803948597499e+19,1,0,0,0.17,0.005,4.00209641456604
no_diversity_restart,Sphere,30,8,7.486858701671428e-16,9013,8.260044811329793e+19,2,0,0,0.17,0.005,4.534585475921631
no_diversity_restart,Sphere,30,9,7.329965766939821e-16,9646,7.877146309695691e+19,2,0,0,0.17,0.005,4.8853466510772705
no_diversity_restart,Sphere,30,10,7.457585890516271e-16,9437,8.695845138138512e+19,2,0,0,0.17,0.005,4.54996919631958
no_de_operator,Sphere,30,1,5.924331923327015e-16,8174,8.728954408412994e+19,3,1,0,0.17,0.005,2.529087781906128
no_de_operator,Sphere,30,2,6.232054827720816e-16,8845,1.0115998749121356e+20,3,0,0,0.17,0.005,3.777155876159668
no_de_operator,Sphere,30,3,7.500000000000007e-16,3120,8.189429010023938e+19,1,1,0,0.17,0.005,3.519556999206543
no_de_operator,Sphere,30,4,7.500000000000004e-16,2858,9.9870440794881e+19,1,1,0,0.17,0.005,3.3393101692199707
no_de_operator,Sphere,30,5,6.929054248660073e-16,8961,7.074167887998698e+19,3,1,0,0.17,0.005,4.091850757598877
no_de_operator,Sphere,30,6,7.118284193333815e-16,8662,7.327289266937406e+19,2,1,0,0.17,0.005,3.8699536323547363
no_de_operator,Sphere,30,7,7.489581555073817e-16,8430,8.747955961584506e+19,2,1,0,0.17,0.005,3.9391086101531982
no_de_operator,Sphere,30,8,7.500000000000002e-16,3156,8.24557178292005e+19,1,1,0,0.17,0.005,3.564697742462158
no_de_operator,Sphere,30,9,0.0001603176310792557,10458,360155102.10914606,0,1,0,0.17,0.005,3.3934884071350098
no_de_operator,Sphere,30,10,7.078325113409946e-16,10978,9.161773579096754e+19,2,1,0,0.17,0.005,3.4061686992645264
baseline,Rosenbrock,10,1,2.3610847518445195e-11,3545,4.285452766013075e+17,2,2,0,0.17,0.005,1.865443468093872
baseline,Rosenbrock,10,2,2.736472678607526e-11,3777,3.552568275646315e+17,18,1,0,0.0296,0.00902,2.957540988922119
baseline,Rosenbrock,10,3,2.1820083279654577e-11,3784,8.046917771932532e+17,3,2,0,0.17,0.005,2.0550434589385986
baseline,Rosenbrock,10,4,2.724490247658734e-11,3727,2.7495615005999366e+17,19,0,0,0.0296,0.00902,3.1304469108581543
baseline,Rosenbrock,10,5,2.713532459295323e-11,3439,4.569319886135846e+17,2,2,0,0.17,0.005,1.7784149646759033
baseline,Rosenbrock,10,6,2.7220078936708994e-11,4984,3.976200600643141e+17,19,1,0,0.0296,0.00902,3.1319737434387207
baseline,Rosenbrock,10,7,2.728411813096698e-11,3637,2.0690228986363862e+17,18,1,0,0.0296,0.00902,3.155266523361206
baseline,Rosenbrock,10,8,2.2731847414314088e-11,3590,1.5044433794980593e+18,1,1,0,0.17,0.005,1.7283415794372559
baseline,Rosenbrock,10,9,2.7034372156308216e-11,5655,6.301408248466876e+17,18,2,0,0.0296,0.00902,3.1185717582702637
baseline,Rosenbrock,10,10,2.7228217074893958e-11,3167,4.959285195905566e+17,1,2,0,0.17,0.005,1.7257592678070068
no_local_search,Rosenbrock,10,1,8.670220660223153,1411,1167019.569294672,0,2,0,0.17,0.005,1.5394787788391113
no_local_search,Rosenbrock,10,2,8.768743943683358,1434,1108654.3395074233,0,1,0,0.17,0.005,1.4025661945343018
no_local_search,Rosenbrock,10,3,8.734384819766095,1474,2010266.5448257914,0,2,0,0.17,0.005,1.5621366500854492
no_local_search,Rosenbrock,10,4,8.8135083572124,1890,849962.7151986724,0,1,0,0.17,0.005,2.4233078956604004
no_local_search,Rosenbrock,10,5,8.700329889824326,1459,1425118.1259729892,0,2,0,0.17,0.005,1.398430585861206
no_local_search,Rosenbrock,10,6,8.713875541649461,1387,1242070.6917419266,0,1,0,0.17,0.005,1.387009620666504
no_local_search,Rosenbrock,10,7,8.807947741010588,1382,640915.0785401217,0,1,0,0.17,0.005,1.5574443340301514
no_local_search,Rosenbrock,10,8,8.786797381652967,1423,3892063.9524057684,0,1,0,0.17,0.005,1.5580990314483643
no_local_search,Rosenbrock,10,9,8.64824444710466,1431,1969817.3050013264,0,2,0,0.17,0.005,1.5076236724853516
no_local_search,Rosenbrock,10,10,8.684653839377733,1499,1554840.2544055805,0,2,0,0.17,0.005,1.5999274253845215
no_surrogate,Rosenbrock,10,1,2.6394369316452646e-11,78493,3.833513526794614e+17,2,0,0,0.17,0.005,1.2452774047851562
no_surrogate,Rosenbrock,10,2,2.7100149882181917e-11,72390,3.5872517559712045e+17,1,0,0,0.17,0.005,1.2019240856170654
no_surrogate,Rosenbrock,10,3,2.650463513819408e-11,77874,6.624668289625961e+17,2,0,0,0.17,0.005,1.2043049335479736
no_surrogate,Rosenbrock,10,4,2.7151968165640956e-11,72703,2.7589725533053654e+17,3,0,0,0.17,0.005,1.1031336784362793
no_surrogate,Rosenbrock,10,5,2.6675811770953105e-11,124587,4.64803018344668e+17,15,0,0,0.08960000000000001,0.00602,1.9240264892578125
no_surrogate,Rosenbrock,10,6,2.7250146114205767e-11,124893,3.971813353370365e+17,18,0,0,0.0296,0.00902,1.9222450256347656
no_surrogate,Rosenbrock,10,7,2.6762612990696463e-11,72186,2.1093405640807648e+17,1,0,0,0.17,0.005,1.1050093173980713
no_surrogate,Rosenbrock,10,8,2.6448359721740474e-11,67640,1.2930396329309453e+18,2,0,0,0.17,0.005,0.9721078872680664
no_surrogate,Rosenbrock,10,9,2.721776944927777e-11,125254,6.258948442316396e+17,19,0,0,0.0296,0.00902,1.9039673805236816
no_surrogate,Rosenbrock,10,10,2.7206660442879744e-11,72543,4.9632145824705254e+17,2,0,0,0.17,0.005,1.1221776008605957
no_escape_mechanisms,Rosenbrock,10,1,2.7080472887634177e-11,5142,3.7363886600384083e+17,19,0,0,0.0296,0.00902,3.3732762336730957
no_escape_mechanisms,Rosenbrock,10,2,2.6480785822852124e-11,4803,3.671154659165976e+17,19,0,0,0.0296,0.00902,3.0795176029205322
no_escape_mechanisms,Rosenbrock,10,3,2.5824107830130817e-11,2590,6.799244221062054e+17,2,0,0,0.17,0.005,1.8026671409606934
no_escape_mechanisms,Rosenbrock,10,4,2.724490247658734e-11,2431,2.7495615005999366e+17,19,0,0,0.0296,0.00902,3.1407952308654785
no_escape_mechanisms,Rosenbrock,10,5,2.6676993025145607e-11,3596,4.647824369203078e+17,1,0,0,0.17,0.005,1.5761456489562988
no_escape_mechanisms,Rosenbrock,10,6,2.7243583058061566e-11,4700,3.972770174430829e+17,19,0,0,0.0296,0.00902,3.3491384983062744
no_escape_mechanisms,Rosenbrock,10,7,2.6913939253657332e-11,2803,2.097480589891712e+17,2,0,0,0.17,0.005,1.7873549461364746
no_escape_mechanisms,Rosenbrock,10,8,2.7342991970705106e-11,4956,1.250732816030703e+18,19,0,0,0.0296,0.00902,3.3989453315734863
no_escape_mechanisms,Rosenbrock,10,9,2.7270911366640817e-11,2357,6.246751837794112e+17,19,0,0,0.0296,0.00902,3.1276509761810303
no_escape_mechanisms,Rosenbrock,10,10,1.0044129518365566e-11,5522,1.344392200474113e+18,19,0,0,0.0296,0.00902,3.4094836711883545
no_population_decay,Rosenbrock,10,1,2.4655489372288004e-11,3397,4.103880084390481e+17,3,2,0,0.17,0.005,1.7350003719329834
no_population_decay,Rosenbrock,10,2,2.7237633923515483e-11,2843,3.569144828252125e+17,1,0,0,0.17,0.005,1.6806600093841553
no_population_decay,Rosenbrock,10,3,2.7002632260087357e-11,3226,6.502492580607853e+17,1,2,0,0.17,0.005,1.4809563159942627
no_population_decay,Rosenbrock,10,4,2.7179877083838058e-11,3045,2.7561395773113702e+17,1,5,0,0.17,0.005,1.6068227291107178
no_population_decay,Rosenbrock,10,5,2.724238972378522e-11,4192,4.551362033084679e+17,18,2,0,0.0296,0.00902,3.7244932651519775
no_population_decay,Rosenbrock,10,6,2.7404772075936627e-11,3425,3.9494031885319706e+17,1,2,0,0.17,0.005,2.0059425830841064
no_population_decay,Rosenbrock,10,7,2.627312629244752e-11,3018,2.148639052456366e+17,2,2,0,0.17,0.005,1.6115076541900635
no_population_decay,Rosenbrock,10,8,2.724757811592755e-11,4117,1.2551125535166016e+18,14,1,0,0.10960000000000002,0.00502,3.1114864349365234
no_population_decay,Rosenbrock,10,9,2.7249048341600664e-11,4249,6.251763862072435e+17,14,2,0,0.10960000000000002,0.00502,3.89151668548584
no_population_decay,Rosenbrock,10,10,2.5321366259412066e-11,3648,5.3327491284255866e+17,1,2,0,0.17,0.005,1.9632906913757324
no_diversity_restart,Rosenbrock,10,1,2.3610847518445195e-11,3545,4.285452766013075e+17,2,2,0,0.17,0.005,1.9029016494750977
no_diversity_restart,Rosenbrock,10,2,2.736472678607526e-11,3777,3.552568275646315e+17,18,1,0,0.0296,0.00902,3.0686702728271484
no_diversity_restart,Rosenbrock,10,3,2.1820083279654577e-11,3784,8.046917771932532e+17,3,2,0,0.17,0.005,2.0619490146636963
no_diversity_restart,Rosenbrock,10,4,2.724490247658734e-11,3727,2.7495615005999366e+17,19,0,0,0.0296,0.00902,3.069497585296631
no_diversity_restart,Rosenbrock,10,5,2.713532459295323e-11,3439,4.569319886135846e+17,2,2,0,0.17,0.005,1.6819250583648682
no_diversity_restart,Rosenbrock,10,6,2.7220078936708994e-11,4984,3.976200600643141e+17,19,1,0,0.0296,0.00902,3.199552059173584
no_diversity_restart,Rosenbrock,10,7,2.728411813096698e-11,3637,2.0690228986363862e+17,18,1,0,0.0296,0.00902,3.210019111633301
no_diversity_restart,Rosenbrock,10,8,2.2731847414314088e-11,3590,1.5044433794980593e+18,1,1,0,0.17,0.005,1.752321481704712
no_diversity_restart,Rosenbrock,10,9,2.7034372156308216e-11,5655,6.301408248466876e+17,18,2,0,0.0296,0.00902,3.112900495529175
no_diversity_restart,Rosenbrock,10,10,2.7228217074893958e-11,3098,4.959285195905566e+17,1,2,0,0.17,0.005,1.6978530883789062
no_de_operator,Rosenbrock,10,1,2.6735626964006226e-11,3460,3.784581971541393e+17,6,1,0,0.17,0.005,2.3581466674804688
no_de_operator,Rosenbrock,10,2,2.7249649335722193e-11,3478,3.5675710558410176e+17,18,1,0,0.0296,0.00902,2.9473929405212402
no_de_operator,Rosenbrock,10,3,2.706152379665454e-11,4094,6.488341796547569e+17,9,2,0,0.17,0.005,2.593817710876465
no_de_operator,Rosenbrock,10,4,2.2679693172304016e-11,3921,3.3030224160485946e+17,1,5,0,0.17,0.005,1.8332741260528564
no_de_operator,Rosenbrock,10,5,2.2884845777165187e-11,3123,5.4179949249669485e+17,1,2,0,0.17,0.005,1.5983219146728516
no_de_operator,Rosenbrock,10,6,2.7234021415010576e-11,3954,3.9741649816740435e+17,18,1,0,0.0296,0.00902,3.227950096130371
no_de_operator,Rosenbrock,10,7,8.258723100394713,10900,683537.4487779215,0,4,0,0.17,0.005,1.838235855102539
no_de_operator,Rosenbrock,10,8,2.6991892510774766e-11,3397,1.2670018351834076e+18,4,2,0,0.17,0.005,1.9895915985107422
no_de_operator,Rosenbrock,10,9,2.2775297751756026e-11,3727,7.479797522504361e+17,3,1,0,0.17,0.005,1.9160056114196777
no_de_operator,Rosenbrock,10,10,2.630885291297255e-11,3286,5.1325876615411846e+17,3,2,0,0.17,0.005,1.9866862297058105
baseline,Rosenbrock,30,1,1.397850588228732e-11,16392,1.230379889222607e+19,17,4,0,0.0296,0.00902,5.44603967666626
baseline,Rosenbrock,30,2,2.3064242131137814e-11,11078,6.944882138372704e+18,2,2,0,0.17,0.005,2.656107187271118
baseline,Rosenbrock,30,3,2.1674541512508947e-11,12347,7.697360522942237e+18,4,2,0,0.17,0.005,3.315061092376709
baseline,Rosenbrock,30,4,2.92705183815267e-11,12225,9.659073554755574e+18,3,1,0,0.17,0.005,2.6394784450531006
baseline,Rosenbrock,30,5,7.619012276911586e-12,15727,2.2134989349873705e+19,1,2,0,0.17,0.005,2.6700491905212402
baseline,Rosenbrock,30,6,28.71317273728243,53030,7131842.08032055,0,2,0,0.17,0.005,3.2809228897094727
baseline,Rosenbrock,30,7,3.140005727784361e-11,12679,8.946064392613395e+18,2,2,0,0.17,0.005,2.9393532276153564
baseline,Rosenbrock,30,8,2.6252979444255372e-11,10672,8.244790982167532e+18,3,1,0,0.17,0.005,3.1983115673065186
baseline,Rosenbrock,30,9,2.952609738710656e-11,10806,6.093451336080854e+18,2,2,0,0.17,0.005,2.9336960315704346
baseline,Rosenbrock,30,10,28.699901073210913,53097,8925590.169388846,0,2,0,0.17,0.005,3.144636631011963
no_local_search,Rosenbrock,30,1,28.23459793795761,1662,6091417.542668341,0,4,0,0.17,0.005,2.8606622219085693
no_local_search,Rosenbrock,30,2,28.699294811711553,1460,5581267.562932484,0,2,0,0.17,0.005,2.08855938911438
no_local_search,Rosenbrock,30,3,28.74461261095394,1481,5804105.362257736,0,2,0,0.17,0.005,2.16473650932312
no_local_search,Rosenbrock,30,4,28.814530724787158,1427,9811927.625452587,0,1,0,0.17,0.005,1.9104115962982178
no_local_search,Rosenbrock,30,5,28.684926197162337,1527,5879281.489058821,0,2,0,0.17,0.005,2.212965250015259
no_local_search,Rosenbrock,30,6,28.71317273728243,1446,7131842.08032055,0,2,0,0.17,0.005,2.310481548309326
no_local_search,Rosenbrock,30,7,28.702344724966355,1544,9786898.493174136,0,2,0,0.17,0.005,2.3340723514556885
no_local_search,Rosenbrock,30,8,28.77847009527794,1515,7521259.033590605,0,1,0,0.17,0.005,2.321016311645508
no_local_search,Rosenbrock,30,9,28.75171203136767,1591,6257569.544952054,0,2,0,0.17,0.005,2.3618664741516113
no_local_search,Rosenbrock,30,10,28.699901073210913,1513,8925590.169388846,0,2,0,0.17,0.005,2.1083152294158936
no_surrogate,Rosenbrock,30,1,1.6190718189308586e-11,137173,1.0622674249437172e+19,17,0,0,0.0496,0.008020000000000001,2.4577198028564453
no_surrogate,Rosenbrock,30,2,9.241433327144078e-12,103782,1.7332640678277001e+19,1,0,0,0.17,0.005,1.7444415092468262
no_surrogate,Rosenbrock,30,3,2.80224580234861e-11,80783,5.953680439147428e+18,3,0,0,0.17,0.005,1.3323283195495605
no_surrogate,Rosenbrock,30,4,2.7313155222010642e-11,112390,1.0351278998522778e+19,1,0,0,0.17,0.005,1.8927700519561768
no_surrogate,Rosenbrock,30,5,2.793971188889123e-11,102264,6.036095013315028e+18,4,0,0,0.17,0.005,1.7030186653137207
no_surrogate,Rosenbrock,30,6,3.006688912894089e-11,84770,6.810741633731397e+18,2,0,0,0.17,0.005,1.438878059387207
no_surrogate,Rosenbrock,30,7,2.804376720645816e-11,135525,1.0016733211030514e+19,16,0,0,0.0496,0.008020000000000001,2.3012800216674805
no_surrogate,Rosenbrock,30,8,1.626937725363541e-11,91672,1.3304155703234443e+19,2,0,0,0.17,0.005,1.5343525409698486
no_surrogate,Rosenbrock,30,9,2.8260468281599804e-11,157192,6.366343111513826e+18,7,0,0,0.12960000000000002,0.005,2.9172050952911377
no_surrogate,Rosenbrock,30,10,5.630677613522155e-12,97456,4.549426773543262e+19,3,0,0,0.17,0.005,1.6407959461212158
no_escape_mechanisms,Rosenbrock,30,1,2.8163125248733204e-11,10568,6.106876409151307e+18,1,0,0,0.17,0.005,2.8324506282806396
no_escape_mechanisms,Rosenbrock,30,2,28.975011799561116,51201,5528157.997646387,0,0,0,0.17,0.005,2.9405672550201416
no_escape_mechanisms,Rosenbrock,30,3,2.192515240703971e-11,11575,7.609377444404504e+18,2,0,0,0.17,0.005,2.593233108520508
no_escape_mechanisms,Rosenbrock,30,4,28.985474007138084,49713,9754061.291644434,0,0,0,0.17,0.005,2.7971479892730713
no_escape_mechanisms,Rosenbrock,30,5,2.7006576444835933e-11,9759,6.244655110227524e+18,3,0,0,0.17,0.005,2.717341899871826
no_escape_mechanisms,Rosenbrock,30,6,28.9382446953428,51187,7076373.005451147,0,0,0,0.17,0.005,2.970461368560791
no_escape_mechanisms,Rosenbrock,30,7,28.92854675383978,49053,9710371.444844604,0,0,0,0.17,0.005,2.982012987136841
no_escape_mechanisms,Rosenbrock,30,8,28.88398754602384,52529,7493782.769160028,0,0,0,0.17,0.005,3.121007204055786
no_escape_mechanisms,Rosenbrock,30,9,28.959861695976745,51705,6212593.12152422,0,0,0,0.17,0.005,3.455104351043701
no_escape_mechanisms,Rosenbrock,30,10,28.939773393247,52257,8851608.87062297,0,0,0,0.17,0.005,3.1063594818115234
no_population_decay,Rosenbrock,30,1,28.761570508610497,55622,5979809.93902865,0,1,0,0.17,0.005,2.5773448944091797
no_population_decay,Rosenbrock,30,2,28.744192708950173,49847,5572549.726253642,0,1,0,0.17,0.005,3.5884041786193848
no_population_decay,Rosenbrock,30,3,2.8435415642237575e-11,13124,5.867217215683743e+18,2,4,0,0.17,0.005,2.2730069160461426
no_population_decay,Rosenbrock,30,4,28.752040188304857,60387,9833253.159822473,0,2,0,0.17,0.005,3.3970024585723877
no_population_decay,Rosenbrock,30,5,28.80007253433021,50869,5855775.377126741,0,1,0,0.17,0.005,3.557878017425537
no_population_decay,Rosenbrock,30,6,2.833915851395334e-11,18808,7.225966624465482e+18,18,2,0,0.0296,0.00902,3.691274881362915
no_population_decay,Rosenbrock,30,7,28.657706610404666,49067,9802142.863635493,0,2,0,0.17,0.005,3.1539015769958496
no_population_decay,Rosenbrock,30,8,28.754339569846437,52208,7527570.843741769,0,2,0,0.17,0.005,2.585643768310547
no_population_decay,Rosenbrock,30,9,3.250532704676724e-11,15139,5.534964694059618e+18,1,2,0,0.17,0.005,2.1463077068328857
no_population_decay,Rosenbrock,30,10,28.72320985405501,52163,8918347.085269084,0,2,0,0.17,0.005,3.3592240810394287
no_diversity_restart,Rosenbrock,30,1,1.397850588228732e-11,16392,1.230379889222607e+19,17,4,0,0.0296,0.00902,5.410062074661255
no_diversity_restart,Rosenbrock,30,2,2.3064242131137814e-11,11078,6.944882138372704e+18,2,2,0,0.17,0.005,2.7423112392425537
no_diversity_restart,Rosenbrock,30,3,2.1674541512508947e-11,12347,7.697360522942237e+18,4,2,0,0.17,0.005,3.3425214290618896
no_diversity_restart,Rosenbrock,30,4,2.92705183815267e-11,12225,9.659073554755574e+18,3,1,0,0.17,0.005,2.6319215297698975
no_diversity_restart,Rosenbrock,30,5,7.619012276911586e-12,15727,2.2134989349873705e+19,1,2,0,0.17,0.005,2.625378131866455
no_diversity_restart,Rosenbrock,30,6,28.71317273728243,53030,7131842.08032055,0,2,0,0.17,0.005,3.4230875968933105
no_diversity_restart,Rosenbrock,30,7,3.140005727784361e-11,12679,8.946064392613395e+18,2,2,0,0.17,0.005,2.959400177001953
no_diversity_restart,Rosenbrock,30,8,2.6252979444255372e-11,10672,8.244790982167532e+18,3,1,0,0.17,0.005,3.242391347885132
no_diversity_restart,Rosenbrock,30,9,2.952609738710656e-11,10806,6.093451336080854e+18,2,2,0,0.17,0.005,3.0648510456085205
no_diversity_restart,Rosenbrock,30,10,28.699901073210913,53097,8925590.169388846,0,2,0,0.17,0.005,3.260493516921997
no_de_operator,Rosenbrock,30,1,28.78565626582149,51656,5974806.466152113,0,1,0,0.17,0.005,3.1919143199920654
no_de_operator,Rosenbrock,30,2,2.8583010489646923e-11,10089,5.603973845570276e+18,1,4,0,0.17,0.005,2.80401611328125
no_de_operator,Rosenbrock,30,3,2.8366362777215254e-11,11472,5.881499912469129e+18,9,1,0,0.17,0.005,3.806957721710205
no_de_operator,Rosenbrock,30,4,2.7405350271664492e-11,9658,1.0316455992365603e+19,2,6,0,0.17,0.005,2.801769971847534
no_de_operator,Rosenbrock,30,5,1.743480662233435e-11,18083,9.672992609505343e+18,18,1,0,0.0296,0.00902,4.274906158447266
no_de_operator,Rosenbrock,30,6,2.575952219704484e-11,15614,7.949596736338377e+18,17,4,0,0.0296,0.00902,4.55331015586853
no_de_operator,Rosenbrock,30,7,2.6401889694717585e-11,10266,1.0639652600152363e+19,1,2,0,0.17,0.005,2.3741114139556885
no_de_operator,Rosenbrock,30,8,28.666326477838627,55704,7550682.447726944,0,2,0,0.17,0.005,3.04268741607666
no_de_operator,Rosenbrock,30,9,28.708725239271914,54399,6266939.269271461,0,2,0,0.17,0.005,3.0383689403533936
no_de_operator,Rosenbrock,30,10,28.765258891703212,48763,8905310.251018433,0,2,0,0.17,0.005,2.8921618461608887
baseline,Rastrigin,10,1,0.0001343568029170683,7218,763474.7515074806,0,0,0,0.17,0.005,2.4238080978393555
baseline,Rastrigin,10,2,0.00028140136129195525,6101,376161.28485088807,0,0,0,0.17,0.005,1.5443291664123535
baseline,Rastrigin,10,3,2.842170943040401e-14,4174,3099820571297494.0,1,0,0,0.17,0.005,2.3923075199127197
baseline,Rastrigin,10,4,5.684341886080802e-14,5356,1645202433196191.0,1,0,0,0.17,0.005,2.8057444095611572
baseline,Rastrigin,10,5,2.842170943040401e-14,6479,3637783295042378.0,1,0,0,0.17,0.005,2.6483519077301025
baseline,Rastrigin,10,6,2.842170943040401e-14,4144,2803017009260730.5,1,0,0,0.17,0.005,2.482348680496216
baseline,Rastrigin,10,7,9.673670514587229e-05,6171,1026297.7462497444,0,0,0,0.17,0.005,1.3980610370635986
baseline,Rastrigin,10,8,5.684341886080802e-14,4566,2179701915110569.8,1,0,0,0.17,0.005,2.118588924407959
baseline,Rastrigin,10,9,0.0002473996190133221,6023,424855.3784306567,0,0,0,0.17,0.005,1.5521774291992188
baseline,Rastrigin,10,10,1.6553496067217566e-05,13124,6824565.202359867,0,0,0,0.0524,0.00788,4.41113018989563
no_local_search,Rastrigin,10,1,0.0001343568029170683,2378,763474.7515074806,0,0,0,0.17,0.005,2.2685272693634033
no_local_search,Rastrigin,10,2,0.00028140136129195525,2141,376161.28485088807,0,0,0,0.17,0.005,1.4641761779785156
no_local_search,Rastrigin,10,3,5.479824807252953e-07,4402,160775577.0717278,0,0,0,0.0352,0.00874,4.532358884811401
no_local_search,Rastrigin,10,4,3.8061282907619898e-06,3692,24570619.768118493,0,0,0,0.17,0.005,3.1550471782684326
no_local_search,Rastrigin,10,5,2.589289536558681e-06,5298,39930652.1432463,0,0,0,0.04359999999999999,0.00832,4.188779830932617
no_local_search,Rastrigin,10,6,2.461570716150163e-07,3881,323641057.4882247,0,0,0,0.0338,0.00881,4.688164710998535
no_local_search,Rastrigin,10,7,9.673670514587229e-05,2299,1026297.7462497444,0,0,0,0.17,0.005,1.401681661605835
no_local_search,Rastrigin,10,8,8.375484412681544e-07,5451,147933782.51021832,0,0,0,0.0892,0.00604,4.424494504928589
no_local_search,Rastrigin,10,9,0.0002473996190133221,2151,424855.3784306567,0,0,0,0.17,0.005,1.387274980545044
no_local_search,Rastrigin,10,10,1.6553496067217566e-05,3081,6824565.202359867,0,0,0,0.0524,0.00788,4.177389144897461
no_surrogate,Rastrigin,10,1,5.684341886080802e-14,76954,1804571730135201.8,1,0,0,0.17,0.005,1.176896572113037
no_surrogate,Rastrigin,10,2,2.842170943040401e-14,83889,3724346626003283.0,1,0,0,0.17,0.005,1.2862482070922852
no_surrogate,Rastrigin,10,3,2.842170943040401e-14,77921,3099820571297494.0,1,0,0,0.17,0.005,1.1414430141448975
no_surrogate,Rastrigin,10,4,8.526512829121202e-14,66150,1096801622130794.0,1,0,0,0.17,0.005,0.9518105983734131
no_surrogate,Rastrigin,10,5,2.842170943040401e-14,65674,3637783295042378.0,1,0,0,0.17,0.005,0.9427623748779297
no_surrogate,Rastrigin,10,6,5.684341886080802e-14,60035,1401508504630365.2,1,0,0,0.17,0.005,0.9261856079101562
no_surrogate,Rastrigin,10,7,2.842170943040401e-14,120015,3493127769599590.0,1,0,0,0.17,0.005,1.8290181159973145
no_surrogate,Rastrigin,10,8,2.842170943040401e-14,65546,4359403830221139.5,1,0,0,0.17,0.005,0.9214890003204346
no_surrogate,Rastrigin,10,9,5.684341886080802e-14,71449,1849098116650669.5,1,0,0,0.17,0.005,1.089724063873291
no_surrogate,Rastrigin,10,10,2.842170943040401e-14,77353,3974793054385542.0,1,0,0,0.17,0.005,1.1794893741607666
no_escape_mechanisms,Rastrigin,10,1,2.842170943040401e-14,2919,3609143460270403.5,1,0,0,0.17,0.005,2.2812607288360596
no_escape_mechanisms,Rastrigin,10,2,0.00028140136129195525,5599,376161.28485088807,0,0,0,0.17,0.005,1.509575605392456
no_escape_mechanisms,Rastrigin,10,3,2.842170943040401e-14,4307,3099820571297494.0,1,0,0,0.17,0.005,2.3696088790893555
no_escape_mechanisms,Rastrigin,10,4,5.684341886080802e-14,4185,1645202433196191.0,1,0,0,0.17,0.005,2.591491937637329
no_escape_mechanisms,Rastrigin,10,5,4.302582681248168e-06,11707,24030222.645826846,0,0,0,0.081,0.00645,4.430767297744751
no_escape_mechanisms,Rastrigin,10,6,2.842170943040401e-14,3686,2803017009260730.5,1,0,0,0.17,0.005,2.402069568634033
no_escape_mechanisms,Rastrigin,10,7,9.673670514587229e-05,5668,1026297.7462497444,0,0,0,0.17,0.005,1.4602010250091553
no_escape_mechanisms,Rastrigin,10,8,5.684341886080802e-14,3531,2179701915110569.8,1,0,0,0.17,0.005,2.1402854919433594
no_escape_mechanisms,Rastrigin,10,9,0.0002473996190133221,5515,424855.3784306567,0,0,0,0.17,0.005,1.4848315715789795
no_escape_mechanisms,Rastrigin,10,10,5.684341886080802e-14,6679,1987396527192771.0,1,0,0,0.17,0.005,3.3410801887512207
no_population_decay,Rastrigin,10,1,2.842170943040401e-14,4131,3609143460270403.5,1,0,0,0.17,0.005,2.844329833984375
no_population_decay,Rastrigin,10,2,2.08515871236159e-10,14803,507646238124.89374,0,0,0,0.0124,0.00988,5.716926097869873
no_population_decay,Rastrigin,10,3,0.00027304040743558744,5966,322670.9203640138,0,0,0,0.17,0.005,1.4959888458251953
no_population_decay,Rastrigin,10,4,0.000395390087859937,5994,236523.20554408978,0,0,0,0.17,0.005,1.2472116947174072
no_population_decay,Rastrigin,10,5,2.842170943040401e-14,5244,3637783295042378.0,1,0,0,0.17,0.005,3.009958028793335
no_population_decay,Rastrigin,10,6,0.0002005565294069811,5940,397227.3313726153,0,0,0,0.17,0.005,1.5198588371276855
no_population_decay,Rastrigin,10,7,2.842170943040401e-14,2228,3493127769599590.0,1,0,0,0.17,0.005,1.3158657550811768
no_population_decay,Rastrigin,10,8,2.842170943040401e-14,5635,4359403830221139.5,1,0,0,0.17,0.005,3.042785406112671
no_population_decay,Rastrigin,10,9,0.0003439436268024565,5949,305599.66973853676,0,0,0,0.17,0.005,1.4557533264160156
no_population_decay,Rastrigin,10,10,5.684341886080802e-14,4811,1987396527192771.0,1,0,0,0.17,0.005,3.3011531829833984
no_diversity_restart,Rastrigin,10,1,0.0001343568029170683,7218,763474.7515074806,0,0,0,0.17,0.005,2.5904204845428467
no_diversity_restart,Rastrigin,10,2,0.00028140136129195525,6101,376161.28485088807,0,0,0,0.17,0.005,1.4924876689910889
no_diversity_restart,Rastrigin,10,3,2.842170943040401e-14,4174,3099820571297494.0,1,0,0,0.17,0.005,2.4186651706695557
no_diversity_restart,Rastrigin,10,4,5.684341886080802e-14,5356,1645202433196191.0,1,0,0,0.17,0.005,2.899827718734741
no_diversity_restart,Rastrigin,10,5,0.0005531320310296906,6073,186921.0495548437,0,0,0,0.17,0.005,1.3758180141448975
no_diversity_restart,Rastrigin,10,6,2.842170943040401e-14,4495,2803017009260730.5,1,0,0,0.17,0.005,2.4245340824127197
no_diversity_restart,Rastrigin,10,7,9.673670514587229e-05,6171,1026297.7462497444,0,0,0,0.17,0.005,1.521782636642456
no_diversity_restart,Rastrigin,10,8,5.684341886080802e-14,4566,2179701915110569.8,1,0,0,0.17,0.005,2.1465070247650146
no_diversity_restart,Rastrigin,10,9,0.0002473996190133221,6023,424855.3784306567,0,0,0,0.17,0.005,1.502436876296997
no_diversity_restart,Rastrigin,10,10,1.6553496067217566e-05,13124,6824565.202359867,0,0,0,0.0524,0.00788,4.373983383178711
no_de_operator,Rastrigin,10,1,0.0001604296440689268,7509,639395.7134030465,0,0,0,0.17,0.005,1.7789607048034668
no_de_operator,Rastrigin,10,2,0.00034676925648113865,6132,305252.832089307,0,0,0,0.17,0.005,1.6946959495544434
no_de_operator,Rastrigin,10,3,0.0006548505248389347,6003,134537.87730486388,0,0,0,0.17,0.005,1.3092494010925293
no_de_operator,Rastrigin,10,4,0.000480312875467348,6118,194704.19344889928,0,0,0,0.17,0.005,1.6147456169128418
no_de_operator,Rastrigin,10,5,0.0003314573440889035,6215,311931.6003290617,0,0,0,0.17,0.005,1.4372048377990723
no_de_operator,Rastrigin,10,6,0.00022197991917494164,6136,358890.72877309954,0,0,0,0.17,0.005,1.6251466274261475
no_de_operator,Rastrigin,10,7,0.00016070650637800554,7261,617776.247573399,0,0,0,0.17,0.005,1.6221485137939453
no_de_operator,Rastrigin,10,8,0.0003106900730927009,5941,398795.1971525232,0,0,0,0.17,0.005,1.2901480197906494
no_de_operator,Rastrigin,10,9,0.0003001516452343367,5963,350186.5154776803,0,0,0,0.17,0.005,1.4197614192962646
no_de_operator,Rastrigin,10,10,0.0003457780206872485,6446,326713.6905150895,0,0,0,0.17,0.005,1.5816540718078613
baseline,Rastrigin,30,1,0.00010523622978553249,36527,3697587.7122036302,0,0,0,0.0572,0.00764,9.237716674804688
baseline,Rastrigin,30,2,1.7053025658242404e-13,5374,2554544129933201.0,1,0,0,0.17,0.005,4.462370157241821
baseline,Rastrigin,30,3,5.684341886080802e-14,30553,7782787731806154.0,1,0,0,0.0696,0.007019999999999999,9.284654378890991
baseline,Rastrigin,30,4,5.684341886080802e-14,13378,7603659096785356.0,1,0,0,0.17,0.005,7.006067752838135
baseline,Rastrigin,30,5,0.00013448422009787464,31893,3007557.962869387,0,0,0,0.030600000000000002,0.00897,9.27422547340393
baseline,Rastrigin,30,6,1.1368683772161603e-13,6670,3377685800882813.5,1,0,0,0.17,0.005,4.466850757598877
baseline,Rastrigin,30,7,2.2737367544323206e-13,22140,1871475498343927.5,1,0,0,0.1496,0.005,8.657789707183838
baseline,Rastrigin,30,8,1.1368683772161603e-13,28068,3784951887215392.0,1,0,0,0.0696,0.007019999999999999,8.824694633483887
baseline,Rastrigin,30,9,5.684341886080802e-14,19974,7453826001031695.0,1,0,0,0.17,0.005,8.599202156066895
baseline,Rastrigin,30,10,1.1368683772161603e-13,8947,3896191516603181.0,1,0,0,0.17,0.005,5.222193241119385
no_local_search,Rastrigin,30,1,0.00010523622978553249,6178,3697587.7122036302,0,0,0,0.0572,0.00764,8.716739416122437
no_local_search,Rastrigin,30,2,0.00019954687661538628,4298,2183081.3557070955,0,0,0,0.0136,0.00982,8.399011850357056
no_local_search,Rastrigin,30,3,0.0002209758949902607,5166,2002029.510790367,0,0,0,0.022400000000000003,0.00938,8.852107763290405
no_local_search,Rastrigin,30,4,0.0003132677209123358,3950,1379707.9943461975,0,0,0,0.055,0.007750000000000001,8.503303050994873
no_local_search,Rastrigin,30,5,0.00013448422009787464,4861,3007557.962869387,0,0,0,0.030600000000000002,0.00897,8.62427544593811
no_local_search,Rastrigin,30,6,0.0002779773537326946,3948,1381401.8025685188,0,0,0,0.0374,0.00863,8.296785593032837
no_local_search,Rastrigin,30,7,0.00011896395983512775,5128,3576917.439114733,0,0,0,0.026399999999999996,0.00918,8.359028100967407
no_local_search,Rastrigin,30,8,0.00020786575629472281,4612,2070082.2427715326,0,0,0,0.085,0.00625,8.502861499786377
no_local_search,Rastrigin,30,9,0.00015037449867350006,4966,2817638.3444654737,0,0,0,0.018000000000000002,0.0096,8.91249680519104
no_local_search,Rastrigin,30,10,0.00015299853157557664,4309,2895097.6726309373,0,0,0,0.0164,0.00968,8.513564586639404
no_surrogate,Rastrigin,30,1,1.1368683772161603e-13,60298,3422737389234608.0,1,0,0,0.17,0.005,1.04295015335083
no_surrogate,Rastrigin,30,2,1.1368683772161603e-13,106134,3831816194899801.5,1,0,0,0.17,0.005,1.9001753330230713
no_surrogate,Rastrigin,30,3,1.1368683772161603e-13,88693,3891393865903077.0,1,0,0,0.17,0.005,1.4885969161987305
no_surrogate,Rastrigin,30,4,5.684341886080802e-14,107595,7603659096785356.0,1,0,0,0.17,0.005,1.7698974609375
no_surrogate,Rastrigin,30,5,1.1368683772161603e-13,112536,3557747714173052.0,1,0,0,0.17,0.005,1.9001173973083496
no_surrogate,Rastrigin,30,6,5.684341886080801e-13,60274,675537160176562.8,1,0,0,0.17,0.005,0.9986057281494141
no_surrogate,Rastrigin,30,7,1.1426609319187264e-05,139650,37239766.4673705,0,0,0,0.010900000000000002,0.009998139879892278,2.456070899963379
no_surrogate,Rastrigin,30,8,5.684341886080802e-14,72666,7569903774430784.0,1,0,0,0.17,0.005,1.1499342918395996
no_surrogate,Rastrigin,30,9,3.5257042100056424e-05,138730,12017484.401833816,0,0,0,0.0506,0.00797,2.337160587310791
no_surrogate,Rastrigin,30,10,1.1368683772161603e-13,110919,3896191516603181.0,1,0,0,0.17,0.005,1.8756825923919678
no_escape_mechanisms,Rastrigin,30,1,0.0002574556148147167,29689,1511406.8901300174,0,0,0,0.08539999999999999,0.00623,9.48482084274292
no_escape_mechanisms,Rastrigin,30,2,1.7053025658242404e-13,4896,2554544129933201.0,1,0,0,0.17,0.005,4.499385833740234
no_escape_mechanisms,Rastrigin,30,3,5.684341886080802e-14,7764,7782787731806154.0,1,0,0,0.17,0.005,5.9824066162109375
no_escape_mechanisms,Rastrigin,30,4,5.684341886080801e-13,26374,760365909678535.6,1,0,0,0.12960000000000002,0.005,8.912163257598877
no_escape_mechanisms,Rastrigin,30,5,4.547473508864641e-13,22120,889436928543263.0,1,0,0,0.12960000000000002,0.005,9.23714828491211
no_escape_mechanisms,Rastrigin,30,6,5.684341886080802e-14,6957,6755371601765627.0,1,0,0,0.17,0.005,4.463796138763428
no_escape_mechanisms,Rastrigin,30,7,1.1368683772161603e-13,13554,3742950996687855.0,1,0,0,0.17,0.005,6.756441593170166
no_escape_mechanisms,Rastrigin,30,8,1.1368683772161603e-13,6572,3784951887215392.0,1,0,0,0.17,0.005,4.903606176376343
no_escape_mechanisms,Rastrigin,30,9,3.410605131648481e-13,17329,1242304333505282.5,1,0,0,0.17,0.005,8.021089315414429
no_escape_mechanisms,Rastrigin,30,10,1.1368683772161603e-13,29447,3896191516603181.0,1,0,0,0.0696,0.007019999999999999,8.791876792907715
no_population_decay,Rastrigin,30,1,1.8659501279216784e-05,30505,20853729.38488073,0,0,0,0.0244,0.00928,11.992422580718994
no_population_decay,Rastrigin,30,2,0.0017931744382622128,13293,242936.24570669513,0,0,0,0.17,0.005,2.414466619491577
no_population_decay,Rastrigin,30,3,6.821210263296962e-13,6193,648565644317179.5,1,0,0,0.17,0.005,5.021709203720093
no_population_decay,Rastrigin,30,4,0.0019193919721374186,13536,225184.84248532564,0,0,0,0.17,0.005,1.9777107238769531
no_population_decay,Rastrigin,30,5,5.3065329836954334e-05,31585,7622096.918616958,0,0,0,0.0288,0.00906,12.365034103393555
no_population_decay,Rastrigin,30,6,5.684341886080802e-14,2666,6755371601765627.0,1,0,0,0.17,0.005,1.5353639125823975
no_population_decay,Rastrigin,30,7,4.547473508864641e-13,17652,935737749171963.8,1,0,0,0.17,0.005,9.795679569244385
no_population_decay,Rastrigin,30,8,1.1368683772161603e-13,18977,3784951887215392.0,1,0,0,0.17,0.005,10.15166711807251
no_population_decay,Rastrigin,30,9,0.0024983347954616875,13038,169593.34443962187,0,0,0,0.17,0.005,1.6788208484649658
no_population_decay,Rastrigin,30,10,1.1368683772161603e-13,17441,3896191516603181.0,1,0,0,0.17,0.005,9.185217380523682
no_diversity_restart,Rastrigin,30,1,0.00010523622978553249,36527,3697587.7122036302,0,0,0,0.0572,0.00764,9.180740356445312
no_diversity_restart,Rastrigin,30,2,1.7053025658242404e-13,5374,2554544129933201.0,1,0,0,0.17,0.005,4.492386102676392
no_diversity_restart,Rastrigin,30,3,5.684341886080802e-14,30553,7782787731806154.0,1,0,0,0.0696,0.007019999999999999,9.28525447845459
no_diversity_restart,Rastrigin,30,4,5.684341886080802e-14,13378,7603659096785356.0,1,0,0,0.17,0.005,6.9917027950286865
no_diversity_restart,Rastrigin,30,5,0.00013448422009787464,31893,3007557.962869387,0,0,0,0.030600000000000002,0.00897,9.046252727508545
no_diversity_restart,Rastrigin,30,6,1.1368683772161603e-13,6670,3377685800882813.5,1,0,0,0.17,0.005,4.5623860359191895
no_diversity_restart,Rastrigin,30,7,2.2737367544323206e-13,22140,1871475498343927.5,1,0,0,0.1496,0.005,8.79616403579712
no_diversity_restart,Rastrigin,30,8,1.1368683772161603e-13,28068,3784951887215392.0,1,0,0,0.0696,0.007019999999999999,8.91890025138855
no_diversity_restart,Rastrigin,30,9,1.7053025658242404e-13,26089,2484608667010565.0,1,0,0,0.10960000000000002,0.00502,9.015815019607544
no_diversity_restart,Rastrigin,30,10,1.1368683772161603e-13,8947,3896191516603181.0,1,0,0,0.17,0.005,5.329679727554321
no_de_operator,Rastrigin,30,1,0.003412022404631898,16213,114043.85551671147,0,0,0,0.17,0.005,2.6766324043273926
no_de_operator,Rastrigin,30,2,0.003171794321588095,19447,137344.0462275998,0,0,0,0.17,0.005,2.1660959720611572
no_de_operator,Rastrigin,30,3,0.002735862264444222,14074,161704.1430386799,0,0,0,0.17,0.005,2.8219950199127197
no_de_operator,Rastrigin,30,4,0.003791394687425509,18389,113999.73216896984,0,0,0,0.17,0.005,3.0320184230804443
no_de_operator,Rastrigin,30,5,0.0013914990429952923,13649,290671.48056745774,0,0,0,0.17,0.005,2.735839605331421
no_de_operator,Rastrigin,30,6,0.0032947851872791034,17187,116547.33030916784,0,0,0,0.17,0.005,2.77952241897583
no_de_operator,Rastrigin,30,7,5.684341886080801e-13,3199,748590199337571.0,1,0,0,0.17,0.005,3.276862621307373
no_de_operator,Rastrigin,30,8,0.0030282597940072264,19192,142094.54942984783,0,0,0,0.17,0.005,1.9667949676513672
no_de_operator,Rastrigin,30,9,0.003880517710456388,14631,109186.70783295941,0,0,0,0.17,0.005,2.775890350341797
no_de_operator,Rastrigin,30,10,0.002750678740881085,18934,161031.41602734767,0,0,0,0.17,0.005,1.9799933433532715
baseline,Ackley,10,1,0.0012370342444332216,17860,15486.017144957774,0,0,5,0.17,0.005,4.632043361663818
baseline,Ackley,10,2,1.7110018735166932e-08,4723,1085824052.8308625,1,0,5,0.17,0.005,1.4548680782318115
baseline,Ackley,10,3,0.004731878969025605,10498,4149.33051702671,0,0,5,0.17,0.005,2.40678334236145
baseline,Ackley,10,4,1.9721785537996084e-08,5192,1000235297.9453193,1,0,5,0.17,0.005,2.154980182647705
baseline,Ackley,10,5,1.9493402891868072e-08,7153,974294779.1443487,1,0,5,0.17,0.005,2.667259454727173
baseline,Ackley,10,6,1.915943714791979e-08,13479,1016607112.4567084,1,0,5,0.17,0.005,4.6639792919158936
baseline,Ackley,10,7,1.9400275608205675e-08,5664,1023741419.1451663,1,0,5,0.17,0.005,2.41746187210083
baseline,Ackley,10,8,0.00413056507417453,12921,4892.86527230513,0,0,5,0.17,0.005,3.34941029548645
baseline,Ackley,10,9,0.009571047758161644,8983,1910.7327883756682,0,0,4,0.17,0.005,1.6272363662719727
baseline,Ackley,10,10,1.972623708823562e-08,9662,962547357.2758969,1,0,5,0.17,0.005,3.6335980892181396
no_local_search,Ackley,10,1,0.0012370342444332216,3571,15486.017144957774,0,0,5,0.17,0.005,4.134093284606934
no_local_search,Ackley,10,2,0.010574877958110296,2211,1756.8495788438272,0,0,4,0.17,0.005,1.3252606391906738
no_local_search,Ackley,10,3,0.004731878969025605,2391,4149.33051702671,0,0,5,0.17,0.005,2.271062135696411
no_local_search,Ackley,10,4,0.0010459558542774694,3351,18859.71186349726,0,0,5,0.039,0.00855,4.406103610992432
no_local_search,Ackley,10,5,0.0003786170852326798,3529,50162.34450601364,0,0,5,0.0258,0.009210000000000001,4.452012300491333
no_local_search,Ackley,10,6,0.0018889743759236133,3222,10311.2145529867,0,0,5,0.0712,0.00694,4.444248914718628
no_local_search,Ackley,10,7,0.0006613248024796015,3207,30031.938328162796,0,0,5,0.040600000000000004,0.00847,4.453064441680908
no_local_search,Ackley,10,8,0.00413056507417453,2724,4892.86527230513,0,0,5,0.17,0.005,3.0366249084472656
no_local_search,Ackley,10,9,0.009571047758161644,2207,1910.7327883756682,0,0,4,0.17,0.005,1.3420665264129639
no_local_search,Ackley,10,10,0.0006942501879767526,3566,27349.56029844789,0,0,5,0.014199999999999999,0.00979,4.5665812492370605
no_surrogate,Ackley,10,1,1.98286014274629e-08,98037,966116222.9858735,1,0,5,0.17,0.005,1.5823700428009033
no_surrogate,Ackley,10,2,1.9941957862812387e-08,86352,931627175.9693131,1,0,5,0.17,0.005,1.4064781665802002
no_surrogate,Ackley,10,3,1.83937740594331e-08,68413,1067433455.777697,1,0,5,0.17,0.005,1.0307636260986328
no_surrogate,Ackley,10,4,1.9631855696644607e-08,93000,1004817187.8618056,1,0,5,0.17,0.005,1.5316636562347412
no_surrogate,Ackley,10,5,1.790100911946979e-08,84712,1060963688.613938,1,0,5,0.17,0.005,1.2980372905731201
no_surrogate,Ackley,10,6,1.957495188165126e-08,94017,995027737.1307378,1,0,5,0.17,0.005,1.5245797634124756
no_surrogate,Ackley,10,7,1.9613200397117225e-08,67505,1012627479.494423,1,0,5,0.17,0.005,1.0367889404296875
no_surrogate,Ackley,10,8,1.937780824690094e-08,75339,1042961007.195291,1,0,5,0.17,0.005,1.1988060474395752
no_surrogate,Ackley,10,9,1.8375125865333075e-08,92536,995242966.2063376,1,0,5,0.17,0.005,1.4990074634552002
no_surrogate,Ackley,10,10,1.9978419363297917e-08,74355,950397377.9407465,1,0,5,0.17,0.005,1.1567399501800537
no_escape_mechanisms,Ackley,10,1,1.9734308853713856e-08,4831,970732426.4658803,1,0,0,0.17,0.005,2.6000845432281494
no_escape_mechanisms,Ackley,10,2,1.7110018735166932e-08,4078,1085824052.8308625,1,0,0,0.17,0.005,1.4898557662963867
no_escape_mechanisms,Ackley,10,3,0.005742256161639592,8924,3419.236142793163,0,0,0,0.17,0.005,2.443403482437134
no_escape_mechanisms,Ackley,10,4,1.9721785537996084e-08,4666,1000235297.9453193,1,0,0,0.17,0.005,2.262798547744751
no_escape_mechanisms,Ackley,10,5,0.004163167644787524,9072,4561.987958636175,0,0,0,0.17,0.005,2.7047224044799805
no_escape_mechanisms,Ackley,10,6,0.0034968022224366457,13823,5570.12345458592,0,0,0,0.17,0.005,4.0609729290008545
no_escape_mechanisms,Ackley,10,7,1.9830569630840955e-08,13594,1001527744.924874,1,0,0,0.1696,0.005,5.007108211517334
no_escape_mechanisms,Ackley,10,8,1.914823544169053e-08,7563,1055465317.834045,1,0,0,0.17,0.005,3.09881329536438
no_escape_mechanisms,Ackley,10,9,0.009571047758161644,8417,1910.7327883756682,0,0,0,0.17,0.005,1.6577212810516357
no_escape_mechanisms,Ackley,10,10,0.0003110080848469643,16797,61051.26619979028,0,0,0,0.031400000000000004,0.00893,5.271885633468628
no_population_decay,Ackley,10,1,0.009253762241055785,8347,2070.156226102381,0,0,4,0.17,0.005,1.3983564376831055
no_population_decay,Ackley,10,2,1.973474228478267e-08,4555,941409298.329509,1,0,5,0.17,0.005,1.3499221801757812
no_population_decay,Ackley,10,3,0.007231158069022303,8248,2715.212365937049,0,0,4,0.17,0.005,1.3510544300079346
no_population_decay,Ackley,10,4,1.86631834431239e-08,6282,1056970055.1745385,1,0,5,0.17,0.005,2.7651309967041016
no_population_decay,Ackley,10,5,1.8654013889118914e-08,4722,1018135870.2848847,1,0,5,0.17,0.005,1.3825738430023193
no_population_decay,Ackley,10,6,0.010562300265921198,8501,1844.069907583126,0,0,4,0.17,0.005,1.396575927734375
no_population_decay,Ackley,10,7,0.007530432248064489,8435,2637.4137670591986,0,0,4,0.17,0.005,1.3821799755096436
no_population_decay,Ackley,10,8,1.9596353428852353e-08,5644,1031329552.1945801,1,0,5,0.17,0.005,2.5417592525482178
no_population_decay,Ackley,10,9,1.7324318424272178e-08,6919,1055609480.4287909,1,0,5,0.17,0.005,2.755479097366333
no_population_decay,Ackley,10,10,0.01035318301926269,9181,1833.9709964512135,0,0,4,0.17,0.005,1.799391269683838
no_diversity_restart,Ackley,10,1,0.0012370342444332216,17860,15486.017144957774,0,0,5,0.17,0.005,4.615880489349365
no_diversity_restart,Ackley,10,2,1.7110018735166932e-08,4723,1085824052.8308625,1,0,5,0.17,0.005,1.484525442123413
no_diversity_restart,Ackley,10,3,0.004731878969025605,10498,4149.33051702671,0,0,5,0.17,0.005,2.416447639465332
no_diversity_restart,Ackley,10,4,1.9721785537996084e-08,5192,1000235297.9453193,1,0,5,0.17,0.005,2.1828601360321045
no_diversity_restart,Ackley,10,5,1.9493402891868072e-08,7153,974294779.1443487,1,0,5,0.17,0.005,2.6618294715881348
no_diversity_restart,Ackley,10,6,1.915943714791979e-08,13479,1016607112.4567084,1,0,5,0.17,0.005,4.4927449226379395
no_diversity_restart,Ackley,10,7,1.9400275608205675e-08,5664,1023741419.1451663,1,0,5,0.17,0.005,2.413907527923584
no_diversity_restart,Ackley,10,8,0.00413056507417453,12921,4892.86527230513,0,0,5,0.17,0.005,3.359394073486328
no_diversity_restart,Ackley,10,9,0.009571047758161644,8983,1910.7327883756682,0,0,4,0.17,0.005,1.5933573246002197
no_diversity_restart,Ackley,10,10,1.972623708823562e-08,9662,962547357.2758969,1,0,5,0.17,0.005,3.6194069385528564
no_de_operator,Ackley,10,1,0.00853060860570709,8743,2245.6467531960902,0,0,4,0.17,0.005,1.7644696235656738
no_de_operator,Ackley,10,2,0.014286004424090226,9315,1300.4664800258925,0,0,4,0.17,0.005,1.4760518074035645
no_de_operator,Ackley,10,3,0.01509875059211696,8992,1300.3810937380333,0,0,4,0.17,0.005,1.750121831893921
no_de_operator,Ackley,10,4,0.012850194569999918,8896,1535.1071865996912,0,0,4,0.17,0.005,1.7446138858795166
no_de_operator,Ackley,10,5,0.006914085344896126,8290,2746.9028393356843,0,0,4,0.17,0.005,1.4291095733642578
no_de_operator,Ackley,10,6,0.009443922475739885,8952,2062.450229264144,0,0,4,0.17,0.005,1.519075870513916
no_de_operator,Ackley,10,7,0.007703068114242928,9051,2578.3058631182566,0,0,4,0.17,0.005,1.627863883972168
no_de_operator,Ackley,10,8,0.008466992627742531,8546,2386.951222823196,0,0,4,0.17,0.005,1.4823477268218994
no_de_operator,Ackley,10,9,0.01325162583402717,8056,1380.0355518392453,0,0,4,0.17,0.005,1.6705284118652344
no_de_operator,Ackley,10,10,0.011549649409257956,9103,1643.9838739225322,0,0,4,0.17,0.005,1.6689541339874268
baseline,Ackley,30,1,1.9629496694761883e-08,19631,1033890119.6708401,1,0,5,0.17,0.005,6.263344764709473
baseline,Ackley,30,2,0.015965249459729325,22293,1303.5113040936908,0,0,4,0.17,0.005,2.3951265811920166
baseline,Ackley,30,3,1.9979964793748195e-08,11100,1033400842.0745552,1,0,5,0.17,0.005,5.0284950733184814
baseline,Ackley,30,4,0.01584504618490401,22088,1306.2640442557704,0,0,4,0.17,0.005,2.5315346717834473
baseline,Ackley,30,5,1.999585252931979e-08,11818,1021292666.4821101,1,0,5,0.17,0.005,4.964752674102783
baseline,Ackley,30,6,1.9492656821995524e-08,14433,1040710799.0476462,1,0,5,0.17,0.005,5.046068906784058
baseline,Ackley,30,7,1.9715838295297772e-08,9884,1053245053.6741441,1,0,5,0.17,0.005,4.243344068527222
baseline,Ackley,30,8,1.996807741377893e-08,29375,1028510433.5466099,1,0,5,0.17,0.005,7.92138147354126
baseline,Ackley,30,9,1.833699458941851e-08,41030,1124504099.8982632,1,0,5,0.10960000000000002,0.00502,9.439289331436157
baseline,Ackley,30,10,1.9775744153349706e-08,10108,1040623304.8441815,1,0,5,0.17,0.005,4.47043514251709
no_local_search,Ackley,30,1,0.00416363904871675,4269,4874.280034692403,0,0,5,0.0572,0.00764,8.417118310928345
no_local_search,Ackley,30,2,0.015965249459729325,2205,1303.5113040936908,0,0,4,0.17,0.005,1.8801782131195068
no_local_search,Ackley,30,3,0.00577586621748738,4210,3574.756004556725,0,0,5,0.023,0.00935,8.354763507843018
no_local_search,Ackley,30,4,0.01584504618490401,2248,1306.2640442557704,0,0,4,0.17,0.005,1.9839541912078857
no_local_search,Ackley,30,5,0.006938453036803072,4485,2943.252255211836,0,0,5,0.158,0.005,8.475125074386597
no_local_search,Ackley,30,6,0.005536284145041481,4807,3664.230000721633,0,0,5,0.014199999999999999,0.00979,8.335529088973999
no_local_search,Ackley,30,7,0.006986683962271645,4074,2972.169526444407,0,0,5,0.06860000000000001,0.007070000000000001,8.312355995178223
no_local_search,Ackley,30,8,0.007379986622816137,3601,2782.84731498621,0,0,5,0.054000000000000006,0.0078000000000000005,8.381576538085938
no_local_search,Ackley,30,9,0.007047192747521525,3587,2925.991431533554,0,0,5,0.0362,0.00869,8.488442659378052
no_local_search,Ackley,30,10,0.00550167218335007,4169,3740.5173465062353,0,0,5,0.0103,0.009992964136463769,8.450813055038452
no_surrogate,Ackley,30,1,1.9797874006854954e-08,66753,1025097072.5340878,1,0,5,0.17,0.005,1.1290905475616455
no_surrogate,Ackley,30,2,1.8808176793783105e-08,74916,1106480621.2536101,1,0,5,0.17,0.005,1.3495779037475586
no_surrogate,Ackley,30,3,1.9788924721098056e-08,66180,1043377178.5723213,1,0,5,0.17,0.005,1.1316678524017334
no_surrogate,Ackley,30,4,1.979995589707073e-08,76662,1045346475.4421134,1,0,5,0.17,0.005,1.3378610610961914
no_surrogate,Ackley,30,5,1.7609071978341717e-08,124853,1159721396.6397338,1,0,5,0.17,0.005,2.486267328262329
no_surrogate,Ackley,30,6,1.897985812959746e-08,81743,1068828771.9677892,1,0,5,0.17,0.005,1.4695255756378174
no_surrogate,Ackley,30,7,1.949873906781363e-08,84999,1064971898.5080029,1,0,5,0.17,0.005,1.5200307369232178
no_surrogate,Ackley,30,8,1.979332653334609e-08,66991,1037590923.5538774,1,0,5,0.17,0.005,1.1798381805419922
no_surrogate,Ackley,30,9,1.7076388747483406e-08,129170,1207516758.9899366,1,0,5,0.17,0.005,2.4656803607940674
no_surrogate,Ackley,30,10,1.9321519051374025e-08,84985,1065087076.3263469,1,0,5,0.17,0.005,1.479321002960205
no_escape_mechanisms,Ackley,30,1,1.9537044426698458e-08,13869,1038782645.0909755,1,0,0,0.17,0.005,5.342875957489014
no_escape_mechanisms,Ackley,30,2,0.015965249459729325,21729,1303.5113040936908,0,0,0,0.17,0.005,2.4622132778167725
no_escape_mechanisms,Ackley,30,3,1.9202730516809652e-08,11363,1075227943.4638288,1,0,0,0.17,0.005,4.814443349838257
no_escape_mechanisms,Ackley,30,4,0.01584504618490401,21524,1306.2640442557704,0,0,0,0.17,0.005,2.4729080200195312
no_escape_mechanisms,Ackley,30,5,1.999585252931979e-08,11262,1021292666.4821101,1,0,0,0.17,0.005,4.821306228637695
no_escape_mechanisms,Ackley,30,6,1.9983165788772794e-08,11821,1015165398.2762823,1,0,0,0.17,0.005,5.416898965835571
no_escape_mechanisms,Ackley,30,7,1.9715838295297772e-08,9441,1053245053.6741441,1,0,0,0.17,0.005,4.363295316696167
no_escape_mechanisms,Ackley,30,8,1.9907645754102532e-08,11192,1031632580.3469619,1,0,0,0.17,0.005,4.844782590866089
no_escape_mechanisms,Ackley,30,9,1.955368178485628e-08,13774,1054534170.2135582,1,0,0,0.17,0.005,5.117068290710449
no_escape_mechanisms,Ackley,30,10,1.9775744153349706e-08,9310,1040623304.8441815,1,0,0,0.17,0.005,4.491633415222168
no_population_decay,Ackley,30,1,1.998039822481701e-08,8824,1015732642.4864886,1,0,5,0.17,0.005,3.993755578994751
no_population_decay,Ackley,30,2,1.9827308239683816e-08,11114,1049607081.9023457,1,0,5,0.17,0.005,5.32075572013855
no_population_decay,Ackley,30,3,1.954710571183682e-08,29871,1056284891.833183,1,0,5,0.17,0.005,9.95656943321228
no_population_decay,Ackley,30,4,0.015383408837671642,21782,1345.4634359210659,0,0,4,0.17,0.005,2.861912965774536
no_population_decay,Ackley,30,5,0.017374827779026436,19995,1175.3565449957132,0,0,4,0.17,0.005,1.903677225112915
no_population_decay,Ackley,30,6,0.01644877810237988,20290,1233.2963780358505,0,0,4,0.17,0.005,2.0343637466430664
no_population_decay,Ackley,30,7,1.942190808179589e-08,9824,1069184813.1556758,1,0,5,0.17,0.005,4.317555904388428
no_population_decay,Ackley,30,8,1.951544392753135e-08,12850,1052365297.66894,1,0,5,0.17,0.005,5.519014358520508
no_population_decay,Ackley,30,9,0.01770161489364286,22270,1164.8669186119628,0,0,4,0.17,0.005,2.070284605026245
no_population_decay,Ackley,30,10,1.9959948804881833e-08,15375,1031019690.3700728,1,0,5,0.17,0.005,6.57438063621521
no_diversity_restart,Ackley,30,1,1.9629496694761883e-08,19631,1033890119.6708401,1,0,5,0.17,0.005,6.401360750198364
no_diversity_restart,Ackley,30,2,0.015965249459729325,22293,1303.5113040936908,0,0,4,0.17,0.005,2.4761500358581543
no_diversity_restart,Ackley,30,3,1.9979964793748195e-08,11100,1033400842.0745552,1,0,5,0.17,0.005,4.972965717315674
no_diversity_restart,Ackley,30,4,0.01584504618490401,22088,1306.2640442557704,0,0,4,0.17,0.005,2.5132954120635986
no_diversity_restart,Ackley,30,5,1.999585252931979e-08,11818,1021292666.4821101,1,0,5,0.17,0.005,4.894834518432617
no_diversity_restart,Ackley,30,6,1.9492656821995524e-08,14433,1040710799.0476462,1,0,5,0.17,0.005,5.074809551239014
no_diversity_restart,Ackley,30,7,1.9715838295297772e-08,9884,1053245053.6741441,1,0,5,0.17,0.005,4.245535135269165
no_diversity_restart,Ackley,30,8,1.996807741377893e-08,29375,1028510433.5466099,1,0,5,0.17,0.005,8.224522590637207
no_diversity_restart,Ackley,30,9,1.833699458941851e-08,41030,1124504099.8982632,1,0,5,0.10960000000000002,0.00502,9.65568208694458
no_diversity_restart,Ackley,30,10,1.9775744153349706e-08,10108,1040623304.8441815,1,0,5,0.17,0.005,4.557030916213989
no_de_operator,Ackley,30,1,0.019210287289752603,22224,1056.4518052601745,0,0,4,0.17,0.005,3.0630481243133545
no_de_operator,Ackley,30,2,0.02211502680312849,21302,941.0290717119485,0,0,4,0.17,0.005,3.1175484657287598
no_de_operator,Ackley,30,3,1.962938300792416e-08,9324,1051857434.0387704,1,0,5,0.17,0.005,3.406996965408325
no_de_operator,Ackley,30,4,0.01797125714260206,21002,1151.7176537331177,0,0,4,0.17,0.005,2.248169422149658
no_de_operator,Ackley,30,5,0.011709987503881525,28958,1743.9487054518952,0,0,4,0.17,0.005,3.1074585914611816
no_de_operator,Ackley,30,6,0.01624541536336155,31746,1248.7349817187335,0,0,4,0.17,0.005,3.4137613773345947
no_de_operator,Ackley,30,7,0.021336647620323834,21250,973.2367302060023,0,0,4,0.17,0.005,2.245638132095337
no_de_operator,Ackley,30,8,0.019700789446261968,21314,1042.4646186873897,0,0,4,0.17,0.005,2.969235897064209
no_de_operator,Ackley,30,9,0.009384545649834042,21000,2197.232169250307,0,0,4,0.17,0.005,2.931412696838379
no_de_operator,Ackley,30,10,0.016778876862684644,21373,1226.4885430072277,0,0,4,0.17,0.005,3.098956346511841
baseline,Griewank,10,1,4.440892098500626e-16,2782,2.2499457593087808e+17,3,1,5,0.17,0.005,1.9588398933410645
baseline,Griewank,10,2,3.3306690738754696e-16,3947,2.0492109216417536e+17,1,1,5,0.17,0.005,2.4058618545532227
baseline,Griewank,10,3,3.3306690738754696e-16,2954,3.614282398587108e+17,2,2,5,0.17,0.005,2.3098113536834717
baseline,Griewank,10,4,1.1102230246251565e-16,4915,9.778019448828896e+17,1,0,5,0.17,0.005,2.2767868041992188
baseline,Griewank,10,5,0.0,2770,8.349872976289009e+17,2,2,5,0.17,0.005,1.8079888820648193
baseline,Griewank,10,6,1.1102230246251565e-16,3473,9.167271422207206e+17,2,1,5,0.17,0.005,3.0340781211853027
baseline,Griewank,10,7,3.3306690738754696e-16,3568,3.201057866033979e+17,4,1,5,0.17,0.005,2.985287666320801
baseline,Griewank,10,8,1.1102230246251565e-16,2589,1.160671705137227e+18,1,2,5,0.17,0.005,1.6229984760284424
baseline,Griewank,10,9,1.1102230246251565e-16,2695,6.170439646129455e+17,2,1,5,0.17,0.005,1.9092257022857666
baseline,Griewank,10,10,1.1102230246251565e-16,4425,7.984823511661015e+17,2,0,5,0.17,0.005,2.4349827766418457
no_local_search,Griewank,10,1,8.841538392867498e-06,2287,11300936.444080535,0,1,5,0.17,0.005,1.5919995307922363
no_local_search,Griewank,10,2,1.9121332078930742e-05,3446,3569439.312274996,0,1,5,0.17,0.005,2.116852283477783
no_local_search,Griewank,10,3,0.0002256022227542509,2556,533593.0853101361,0,2,5,0.17,0.005,2.0640780925750732
no_local_search,Griewank,10,4,1.9397490959915942e-05,2724,5596487.891014058,0,1,5,0.17,0.005,2.3183658123016357
no_local_search,Griewank,10,5,0.00020392033455962633,2352,409467.40276397025,0,2,5,0.17,0.005,1.653733491897583
no_local_search,Griewank,10,6,4.658807546076282e-06,3565,21846182.108326133,0,1,5,0.023799999999999998,0.00931,4.645001649856567
no_local_search,Griewank,10,7,4.101231931841198e-06,3139,25996248.48160868,0,1,5,0.17,0.005,2.168403148651123
no_local_search,Griewank,10,8,5.672757251673488e-05,2303,2271566.354604978,0,2,5,0.17,0.005,1.5008563995361328
no_local_search,Griewank,10,9,0.00010479444634958757,2276,653714.4291348972,0,1,5,0.17,0.005,1.480198621749878
no_local_search,Griewank,10,10,6.344808402114488e-06,4537,13971950.527710188,0,1,5,0.0442,0.00829,4.515975713729858
no_surrogate,Griewank,10,1,0.0,65920,9.991766344569357e+17,2,0,5,0.17,0.005,1.0336370468139648
no_surrogate,Griewank,10,2,1.1102230246251565e-16,67711,6.147632764925261e+17,2,0,5,0.17,0.005,0.9934139251708984
no_surrogate,Griewank,10,3,0.0,65905,1.2037978609226534e+18,2,0,5,0.17,0.005,0.9793202877044678
no_surrogate,Griewank,10,4,2.220446049250313e-16,67640,4.889009724414448e+17,2,0,5,0.17,0.005,1.0429329872131348
no_surrogate,Griewank,10,5,4.440892098500626e-16,67681,1.8802242412303075e+17,2,0,5,0.17,0.005,1.2677149772644043
no_surrogate,Griewank,10,6,3.3306690738754696e-16,65893,3.0557571407357357e+17,2,0,5,0.17,0.005,0.9799792766571045
no_surrogate,Griewank,10,7,1.1102230246251565e-16,67671,9.603173598101937e+17,2,0,5,0.17,0.005,1.0803916454315186
no_surrogate,Griewank,10,8,4.440892098500626e-16,65950,2.9016792628430675e+17,2,0,5,0.17,0.005,0.9275906085968018
no_surrogate,Griewank,10,9,6.661338147750939e-16,77070,1.0284066076882426e+17,3,0,5,0.17,0.005,1.1766197681427002
no_surrogate,Griewank,10,10,0.0,71500,8.864934910214356e+17,2,1,5,0.17,0.005,1.1568872928619385
no_escape_mechanisms,Griewank,10,1,0.0,1972,9.991766344569357e+17,3,0,0,0.17,0.005,1.9238455295562744
no_escape_mechanisms,Griewank,10,2,1.1102230246251565e-16,3133,6.147632764925261e+17,2,0,0,0.17,0.005,2.4216060638427734
no_escape_mechanisms,Griewank,10,3,3.3306690738754696e-16,2614,3.614282398587108e+17,2,0,0,0.17,0.005,2.2757484912872314
no_escape_mechanisms,Griewank,10,4,1.1102230246251565e-16,4294,9.778019448828896e+17,1,0,0,0.17,0.005,2.2844078540802
no_escape_mechanisms,Griewank,10,5,1.1102230246251565e-16,1961,7.52089696492123e+17,1,0,0,0.17,0.005,1.5440444946289062
no_escape_mechanisms,Griewank,10,6,1.1102230246251565e-16,2696,9.167271422207206e+17,2,0,0,0.17,0.005,2.6287872791290283
no_escape_mechanisms,Griewank,10,7,3.3306690738754696e-16,4625,3.201057866033979e+17,2,0,0,0.17,0.005,2.48199725151062
no_escape_mechanisms,Griewank,10,8,1.1102230246251565e-16,3661,1.160671705137227e+18,1,0,0,0.17,0.005,1.5385329723358154
no_escape_mechanisms,Griewank,10,9,1.1102230246251565e-16,1950,6.170439646129455e+17,2,0,0,0.17,0.005,1.7197411060333252
no_escape_mechanisms,Griewank,10,10,1.1102230246251565e-16,3803,7.984823511661015e+17,2,0,0,0.17,0.005,2.4151647090911865
no_population_decay,Griewank,10,1,2.220446049250313e-16,2600,4.4998915186175616e+17,2,2,5,0.17,0.005,1.595426082611084
no_population_decay,Griewank,10,2,1.1102230246251565e-16,2631,6.147632764925261e+17,2,1,5,0.17,0.005,1.7207496166229248
no_population_decay,Griewank,10,3,7.771561172376096e-16,4590,1.548978170823046e+17,4,2,5,0.17,0.005,2.507211446762085
no_population_decay,Griewank,10,4,0.0,5266,1.0855782327322423e+18,3,1,5,0.17,0.005,3.382739782333374
no_population_decay,Griewank,10,5,0.0,5540,8.349872976289009e+17,2,1,5,0.17,0.005,3.052499294281006
no_population_decay,Griewank,10,6,3.3306690738754696e-16,4136,3.0557571407357357e+17,2,1,5,0.17,0.005,3.364230155944824
no_population_decay,Griewank,10,7,3.3306690738754696e-16,2616,3.201057866033979e+17,2,2,5,0.17,0.005,1.561915397644043
no_population_decay,Griewank,10,8,5.551115123125783e-16,5289,2.321343410274454e+17,1,1,5,0.17,0.005,2.6359786987304688
no_population_decay,Griewank,10,9,2.220446049250313e-16,5271,3.0852198230647277e+17,2,2,5,0.17,0.005,2.9091694355010986
no_population_decay,Griewank,10,10,2.220446049250313e-16,5634,3.9924117558305075e+17,2,2,5,0.17,0.005,3.1222846508026123
no_diversity_restart,Griewank,10,1,4.440892098500626e-16,2782,2.2499457593087808e+17,3,1,5,0.17,0.005,2.0462043285369873
no_diversity_restart,Griewank,10,2,3.3306690738754696e-16,3947,2.0492109216417536e+17,1,1,5,0.17,0.005,2.4692020416259766
no_diversity_restart,Griewank,10,3,3.3306690738754696e-16,2954,3.614282398587108e+17,2,2,5,0.17,0.005,2.3833351135253906
no_diversity_restart,Griewank,10,4,1.1102230246251565e-16,4915,9.778019448828896e+17,1,0,5,0.17,0.005,2.393845319747925
no_diversity_restart,Griewank,10,5,0.0,2770,8.349872976289009e+17,2,2,5,0.17,0.005,1.8569226264953613
no_diversity_restart,Griewank,10,6,1.1102230246251565e-16,3376,9.167271422207206e+17,2,1,5,0.17,0.005,2.941189765930176
no_diversity_restart,Griewank,10,7,3.3306690738754696e-16,3568,3.201057866033979e+17,4,1,5,0.17,0.005,3.129977226257324
no_diversity_restart,Griewank,10,8,1.1102230246251565e-16,2589,1.160671705137227e+18,1,2,5,0.17,0.005,1.741490364074707
no_diversity_restart,Griewank,10,9,1.1102230246251565e-16,2695,6.170439646129455e+17,2,1,5,0.17,0.005,1.9853007793426514
no_diversity_restart,Griewank,10,10,1.1102230246251565e-16,4425,7.984823511661015e+17,2,0,5,0.17,0.005,2.4343180656433105
no_de_operator,Griewank,10,1,3.3306690738754696e-16,2775,2.9999276790783744e+17,2,1,5,0.17,0.005,2.277506113052368
no_de_operator,Griewank,10,2,1.1102230246251565e-16,2720,6.147632764925261e+17,2,2,5,0.17,0.005,2.2744204998016357
no_de_operator,Griewank,10,3,3.3306690738754696e-16,2628,3.614282398587108e+17,2,2,5,0.17,0.005,1.6819114685058594
no_de_operator,Griewank,10,4,0.0,4305,1.0855782327322423e+18,1,2,5,0.17,0.005,1.5886037349700928
no_de_operator,Griewank,10,5,2.220446049250313e-16,4556,3.760448482460615e+17,1,1,5,0.17,0.005,1.5009973049163818
no_de_operator,Griewank,10,6,6.661338147750939e-16,2965,1.5278785703678678e+17,3,2,5,0.17,0.005,2.4838943481445312
no_de_operator,Griewank,10,7,1.1102230246251565e-16,2808,9.603173598101937e+17,2,2,5,0.17,0.005,2.4751369953155518
no_de_operator,Griewank,10,8,0.0,2874,1.28860445107429e+18,2,1,5,0.17,0.005,2.24749493598938
no_de_operator,Griewank,10,9,4.440892098500626e-16,2671,1.5426099115323638e+17,3,1,5,0.17,0.005,1.7493445873260498
no_de_operator,Griewank,10,10,4.0144087698479325e-06,8850,22082790.812930003,0,1,5,0.17,0.005,2.095350742340088
baseline,Griewank,30,1,3.219646771412954e-15,5199,1.448665156291524e+17,5,0,5,0.17,0.005,5.930668354034424
baseline,Griewank,30,2,4.440892098500626e-16,3653,1.2799030396776525e+18,2,1,5,0.17,0.005,2.5739479064941406
baseline,Griewank,30,3,1.6653345369377348e-15,4749,3.325376648915387e+17,3,2,5,0.17,0.005,5.239145755767822
baseline,Griewank,30,4,2.220446049250313e-15,10433,3.0404948392888845e+17,4,2,5,0.17,0.005,5.764368295669556
baseline,Griewank,30,5,3.552713678800501e-15,6050,1.2445574778054766e+17,6,0,5,0.17,0.005,6.498593091964722
baseline,Griewank,30,6,9.992007221626409e-16,3839,4.707958430026404e+17,3,2,5,0.17,0.005,2.7071120738983154
baseline,Griewank,30,7,1.2212453270876722e-15,5287,4.8365938720837843e+17,3,1,5,0.17,0.005,5.540132284164429
baseline,Griewank,30,8,2.1094237467877974e-15,10429,2.643262626564117e+17,3,2,5,0.17,0.005,5.471998453140259
baseline,Griewank,30,9,3.774758283725532e-15,11767,1.3793013379585386e+17,5,0,5,0.17,0.005,5.740162134170532
baseline,Griewank,30,10,3.4416913763379853e-15,3712,1.6987290379536086e+17,3,1,5,0.17,0.005,2.939061403274536
no_local_search,Griewank,30,1,2.1947866391314186e-05,3511,21251223.285914883,0,1,5,0.17,0.005,4.453658103942871
no_local_search,Griewank,30,2,9.318645264000391e-05,2281,6099503.881437998,0,1,5,0.17,0.005,2.044001340866089
no_local_search,Griewank,30,3,8.056883797902259e-06,3695,68734571.83541527,0,2,5,0.17,0.005,4.057737350463867
no_local_search,Griewank,30,4,7.401050574173951e-05,3634,9122022.185909051,0,2,5,0.17,0.005,4.096838474273682
no_local_search,Griewank,30,5,1.195287005217871e-05,3701,36991587.427548654,0,1,5,0.17,0.005,4.433379173278809
no_local_search,Griewank,30,6,1.176132115587869e-05,2341,39997168.69259,0,2,5,0.17,0.005,2.102958917617798
no_local_search,Griewank,30,7,5.147415742423611e-05,3964,11475015.737745898,0,1,5,0.17,0.005,4.112453460693359
no_local_search,Griewank,30,8,3.487246867750482e-05,4325,15989005.553449074,0,2,5,0.17,0.005,4.269634246826172
no_local_search,Griewank,30,9,1.2327469231188104e-05,5468,42235182.69297603,0,1,5,0.17,0.005,4.654980659484863
no_local_search,Griewank,30,10,1.9955649033231992e-07,2429,2929747396.8016386,0,1,5,0.17,0.005,2.2192435264587402
no_surrogate,Griewank,30,1,2.6645352591003757e-15,72796,1.7504703971855914e+17,3,0,5,0.17,0.005,1.3239643573760986
no_surrogate,Griewank,30,2,2.55351295663786e-15,72766,2.2259183298741782e+17,3,0,5,0.17,0.005,1.2277343273162842
no_surrogate,Griewank,30,3,2.1094237467877974e-15,77627,2.6252973544068845e+17,3,0,5,0.17,0.005,1.3721349239349365
no_surrogate,Griewank,30,4,1.7763568394002505e-15,72643,3.800618549111106e+17,3,0,5,0.17,0.005,1.2208735942840576
no_surrogate,Griewank,30,5,1.9984014443252818e-15,78242,2.2125466272097363e+17,3,0,5,0.17,0.005,1.306826114654541
no_surrogate,Griewank,30,6,1.7763568394002505e-15,78322,2.648226616889852e+17,3,1,5,0.17,0.005,1.3546664714813232
no_surrogate,Griewank,30,7,1.6653345369377348e-15,66914,3.5468355061947757e+17,2,0,5,0.17,0.005,1.1158533096313477
no_surrogate,Griewank,30,8,1.6653345369377348e-15,78114,3.3481326603145485e+17,3,0,5,0.17,0.005,1.3445947170257568
no_surrogate,Griewank,30,9,9.992007221626409e-16,67017,5.2106939433989235e+17,2,0,5,0.17,0.005,1.0945463180541992
no_surrogate,Griewank,30,10,2.7755575615628914e-15,77635,2.106424007062475e+17,3,0,5,0.17,0.005,1.336864948272705
no_escape_mechanisms,Griewank,30,1,3.219646771412954e-15,4657,1.448665156291524e+17,5,0,0,0.17,0.005,6.020046949386597
no_escape_mechanisms,Griewank,30,2,2.9976021664879227e-15,8487,1.8961526513742998e+17,11,0,0,0.17,0.005,4.309127569198608
no_escape_mechanisms,Griewank,30,3,5.10702591327572e-15,3590,1.0843619507332784e+17,10,0,0,0.17,0.005,3.923680305480957
no_escape_mechanisms,Griewank,30,4,1.3322676295501878e-15,4610,5.0674913988148077e+17,2,0,0,0.17,0.005,4.404906272888184
no_escape_mechanisms,Griewank,30,5,3.552713678800501e-15,4530,1.2445574778054766e+17,6,0,0,0.17,0.005,6.331004858016968
no_escape_mechanisms,Griewank,30,6,1.887379141862766e-15,3058,2.4924485806022138e+17,2,0,0,0.17,0.005,2.3053321838378906
no_escape_mechanisms,Griewank,30,7,1.3322676295501878e-15,4477,4.4335443827434694e+17,2,0,0,0.17,0.005,4.489144325256348
no_escape_mechanisms,Griewank,30,8,2.886579864025407e-15,4819,1.9316149963353162e+17,3,0,0,0.17,0.005,5.095379829406738
no_escape_mechanisms,Griewank,30,9,3.774758283725532e-15,11076,1.3793013379585386e+17,5,0,0,0.17,0.005,6.254450798034668
no_escape_mechanisms,Griewank,30,10,7.771561172376096e-16,3144,7.522942882365981e+17,2,0,0,0.17,0.005,2.550394296646118
no_population_decay,Griewank,30,1,1.3322676295501878e-15,6612,3.500940794371183e+17,2,1,5,0.17,0.005,6.04991340637207
no_population_decay,Griewank,30,2,2.1094237467877974e-15,8721,2.6945327151108474e+17,4,2,5,0.17,0.005,3.149656295776367
no_population_decay,Griewank,30,3,1.6653345369377348e-15,3771,3.325376648915387e+17,3,2,5,0.17,0.005,2.0663418769836426
no_population_decay,Griewank,30,4,1.3322676295501878e-15,8301,5.0674913988148077e+17,4,2,5,0.17,0.005,7.484363317489624
no_population_decay,Griewank,30,5,3.3306690738754696e-15,12252,1.3275279763258418e+17,4,2,5,0.17,0.005,7.421543598175049
no_population_decay,Griewank,30,6,9.992007221626409e-16,8425,4.707958430026404e+17,2,2,5,0.17,0.005,2.0408518314361572
no_population_decay,Griewank,30,7,1.6653345369377348e-15,8518,3.5468355061947757e+17,2,1,5,0.17,0.005,1.9911117553710938
no_population_decay,Griewank,30,8,2.3314683517128287e-15,8802,2.391523328796106e+17,4,2,5,0.17,0.005,2.305712938308716
no_population_decay,Griewank,30,9,2.886579864025407e-15,8912,1.803701749638089e+17,6,1,5,0.17,0.005,2.6892640590667725
no_population_decay,Griewank,30,10,1.4432899320127035e-15,3604,4.050815398197067e+17,2,1,5,0.17,0.005,1.8970179557800293
no_diversity_restart,Griewank,30,1,3.219646771412954e-15,5199,1.448665156291524e+17,5,0,5,0.17,0.005,5.978752851486206
no_diversity_restart,Griewank,30,2,4.440892098500626e-16,3653,1.2799030396776525e+18,2,1,5,0.17,0.005,2.516925096511841
no_diversity_restart,Griewank,30,3,1.6653345369377348e-15,4749,3.325376648915387e+17,3,2,5,0.17,0.005,5.210586309432983
no_diversity_restart,Griewank,30,4,2.220446049250313e-15,10433,3.0404948392888845e+17,4,2,5,0.17,0.005,5.659078598022461
no_diversity_restart,Griewank,30,5,3.552713678800501e-15,6050,1.2445574778054766e+17,6,0,5,0.17,0.005,6.57625412940979
no_diversity_restart,Griewank,30,6,9.992007221626409e-16,3839,4.707958430026404e+17,3,2,5,0.17,0.005,2.7111549377441406
no_diversity_restart,Griewank,30,7,1.2212453270876722e-15,5287,4.8365938720837843e+17,3,1,5,0.17,0.005,5.500339984893799
no_diversity_restart,Griewank,30,8,2.1094237467877974e-15,10429,2.643262626564117e+17,3,2,5,0.17,0.005,5.519781589508057
no_diversity_restart,Griewank,30,9,3.774758283725532e-15,11767,1.3793013379585386e+17,5,0,5,0.17,0.005,6.148447513580322
no_diversity_restart,Griewank,30,10,3.4416913763379853e-15,3712,1.6987290379536086e+17,3,1,5,0.17,0.005,3.058053970336914
no_de_operator,Griewank,30,1,9.992007221626409e-16,4457,4.667921059161577e+17,2,1,5,0.17,0.005,3.92425537109375
no_de_operator,Griewank,30,2,3.219646771412954e-15,4284,1.7653835030036586e+17,5,2,5,0.17,0.005,5.130328893661499
no_de_operator,Griewank,30,3,1.887379141862766e-15,8767,2.9341558666900474e+17,4,2,5,0.17,0.005,2.786439895629883
no_de_operator,Griewank,30,4,1.5543122344752192e-15,8314,4.343564056126978e+17,2,1,5,0.17,0.005,2.427020788192749
no_de_operator,Griewank,30,5,1.6653345369377348e-15,3922,2.6550559526516835e+17,2,1,5,0.17,0.005,3.36726450920105
no_de_operator,Griewank,30,6,7.771561172376096e-16,8304,6.053089410033948e+17,2,2,5,0.17,0.005,2.289177179336548
no_de_operator,Griewank,30,7,1.2212453270876722e-15,9054,4.8365938720837843e+17,5,1,5,0.17,0.005,5.388376712799072
no_de_operator,Griewank,30,8,1.5543122344752192e-15,12612,3.587284993194159e+17,2,1,5,0.17,0.005,3.9523632526397705
no_de_operator,Griewank,30,9,6.8833827526759706e-15,13747,7.563910562998437e+16,1,2,5,0.17,0.005,2.448992967605591
no_de_operator,Griewank,30,10,6.661338147750939e-16,7143,8.776766696093645e+17,2,2,5,0.17,0.005,3.6071267127990723
